show_id,director_1,director_2
s1,Kirsten Johnson,NULL
s2,NULL,NULL
s3,Julien Leclercq,NULL
s4,NULL,NULL
s5,NULL,NULL
s6,Mike Flanagan,NULL
s7,Robert Cullen,José Luis Ucha
s8,Haile Gerima,NULL
s9,Andy Devonshire,NULL
s10,Theodore Melfi,NULL
s11,NULL,NULL
s12,Kongkiat Komesiri,NULL
s13,Christian Schwochow,NULL
s14,Bruno Garotti,NULL
s15,NULL,NULL
s16,NULL,NULL
s17,Pedro de Echave García,Pablo Azorín Williams
s18,NULL,NULL
s19,Adam Salky,NULL
s20,NULL,NULL
s21,Olivier Megaton,NULL
s22,NULL,NULL
s23,K.S. Ravikumar,NULL
s24,Alex Woo,Stanley Moore
s25,S. Shankar,NULL
s26,NULL,NULL
s27,Rajiv Menon,NULL
s28,Dennis Dugan,NULL
s29,Scott Stewart,NULL
s30,Robert Luketic,NULL
s31,Ashwiny Iyer Tiwari,Abhishek Chaubey
s32,NULL,NULL
s33,NULL,NULL
s34,NULL,NULL
s35,NULL,NULL
s36,Daniel Sandu,NULL
s37,Cédric Jimenez,NULL
s38,NULL,NULL
s39,George Nolfi,NULL
s40,NULL,NULL
s41,NULL,NULL
s42,Steven Spielberg,NULL
s43,Jeannot Szwarc,NULL
s44,Joe Alves,NULL
s45,Joseph Sargent,NULL
s46,Tyler Greco,NULL
s47,Daniel Espinosa,NULL
s48,Bunmi Ajakaiye,NULL
s49,Antoine Fuqua,NULL
s50,NULL,NULL
s51,NULL,NULL
s52,Toshiya Shinohara,NULL
s53,Toshiya Shinohara,NULL
s54,Toshiya Shinohara,NULL
s55,Toshiya Shinohara,NULL
s56,NULL,NULL
s57,Masahiko Murata,NULL
s58,Hajime Kamegaki,NULL
s59,Masahiko Murata,NULL
s60,Hajime Kamegaki,NULL
s61,Masahiko Murata,NULL
s62,Hirotsugu Kawasaki,NULL
s63,Toshiyuki Tsuru,NULL
s64,Tensai Okamura,NULL
s65,David Yarovesky,NULL
s66,NULL,NULL
s67,NULL,NULL
s68,NULL,NULL
s69,Hanns-Bruno Kammertöns,Vanessa Nöcker
s70,NULL,NULL
s71,NULL,NULL
s72,David A. Vargas,NULL
s73,NULL,NULL
s74,Kemi Adetiba,NULL
s75,NULL,NULL
s76,Ben Simms,NULL
s77,NULL,NULL
s78,Prakash Satam,NULL
s79,Delhiprasad Deenadayalan,NULL
s80,Delhiprasad Deenadayalan,NULL
s81,Tomer Eshed,NULL
s82,Cedric Nicolas-Troyan,NULL
s83,NULL,NULL
s84,NULL,NULL
s85,JJC Skillz,Funke Akindele
s86,NULL,NULL
s87,Thomas Sieben,NULL
s88,NULL,NULL
s89,Marcus Clarke,NULL
s90,NULL,NULL
s91,Alice Waddington,NULL
s92,Mona Achache,Patricia Tourancheau
s93,NULL,NULL
s94,Alexis Almström,NULL
s95,Raja Gosnell,NULL
s96,NULL,NULL
s97,Stephen Kijak,NULL
s98,NULL,NULL
s99,NULL,NULL
s100,NULL,NULL
s101,NULL,NULL
s102,Chapman Way,Maclain Way
s103,Jason Hehir,NULL
s104,Yemi Amodu,NULL
s105,NULL,NULL
s106,Lijo Jose Pellissery,NULL
s107,NULL,NULL
s108,David de Vos,NULL
s109,NULL,NULL
s110,NULL,NULL
s111,Luis Alfaro,Javier Gómez Santander
s112,NULL,NULL
s113,Sara Colangelo,NULL
s114,Stephen Herek,NULL
s115,Rahul Rawail,NULL
s116,Jane Campion,NULL
s117,Nagesh Kukunoor,NULL
s118,Luke Holland,NULL
s119,Shanker Raman,NULL
s120,JP Habac,NULL
s121,NULL,NULL
s122,NULL,NULL
s123,Jane Campion,NULL
s124,NULL,NULL
s125,NULL,NULL
s126,NULL,NULL
s127,Vidhu Vinod Chopra,NULL
s128,Mark Rosman,NULL
s129,Gilles Paquet-Brenner,NULL
s130,Lasse Hallström,NULL
s131,Scott Pleydell-Pearce,NULL
s132,Ridley Scott,NULL
s133,NULL,NULL
s134,Neill Blomkamp,NULL
s135,Phillip Noyce,NULL
s136,Renny Harlin,NULL
s137,Anthony Minghella,NULL
s138,Simon Wincer,NULL
s139,Lasse Hallström,NULL
s140,Spike Lee,NULL
s141,Sebastián Schindel,NULL
s142,Steven C. Miller,NULL
s143,Richard LaGravenese,NULL
s144,Martin Campbell,NULL
s145,Reginald Hudlin,NULL
s146,George Jackson,Doug McHenry
s147,Eric Meza,NULL
s148,NULL,NULL
s149,Gerhard Mostert,NULL
s150,Michael Martin,NULL
s151,Michael Rymer,NULL
s152,Andrew Lau Wai-keung,Alan Mak
s153,Brett Weiner,NULL
s154,NULL,NULL
s155,NULL,NULL
s156,Jim Henson,NULL
s157,Gary Winick,NULL
s158,Danishka Esterhazy,NULL
s159,Troy Byer,NULL
s160,Pang Ho-cheung,NULL
s161,NULL,NULL
s162,Tim Burton,NULL
s163,Reginald Hudlin,NULL
s164,David Zucker,NULL
s165,Kinka Usher,NULL
s166,NULL,NULL
s167,Sergio Leone,NULL
s168,Matthew O'Callaghan,Todd Wilderman
s169,Bobby Farrelly,Peter Farrelly
s170,Wolfgang Petersen,NULL
s171,Peter Spirer,NULL
s172,Michael Carney,NULL
s173,Richard Linklater,NULL
s174,Amy Rice,NULL
s175,Antoine Fuqua,NULL
s176,Randal Kleiser,NULL
s177,Michael Ritchie,NULL
s178,J. Lee Thompson,NULL
s179,Evan Goldberg,Seth Rogen
s180,Tom Shadyac,NULL
s181,Peter Segal,NULL
s182,NULL,NULL
s183,Malcolm D. Lee,NULL
s184,Wolfgang Petersen,NULL
s185,NULL,NULL
s186,Chapman Way,Maclain Way
s187,NULL,NULL
s188,NULL,NULL
s189,Ramzy Bedia,Éric Judor
s190,NULL,NULL
s191,Sharan Koppisetty,NULL
s192,Taylor Sheridan,NULL
s193,Sachin Yardi,NULL
s194,NULL,NULL
s195,NULL,NULL
s196,Saurabh Kabra,NULL
s197,Mark Waters,NULL
s198,NULL,NULL
s199,Kemi Adetiba,NULL
s200,Partho Mitra,NULL
s201,Santram Varma,NULL
s202,Anil V. Kumar,Anurag Basu
s203,Sangeeth Sivan,NULL
s204,Umesh Ghadge,NULL
s205,Sachin Yardi,NULL
s206,David Dhawan,NULL
s207,Dibakar Banerjee,NULL
s208,Apoorva Lakhia,NULL
s209,Milan Luthria,NULL
s210,Milan Luthria,NULL
s211,Pawan Kripalani,NULL
s212,Bhushan Patel,NULL
s213,NULL,NULL
s214,NULL,NULL
s215,Magnus Martens,NULL
s216,Apoorva Lakhia,NULL
s217,Raj Nidimoru,Krishna D.K.
s218,Milan Luthria,NULL
s219,NULL,NULL
s220,NULL,NULL
s221,NULL,NULL
s222,Joshua Rofé,NULL
s223,Brad Anderson,NULL
s224,Mauricio Dias,Tatiana Villela
s225,NULL,NULL
s226,NULL,NULL
s227,NULL,NULL
s228,Angel Kristi Williams,NULL
s229,Roger Donaldson,NULL
s230,Christopher Alender,NULL
s231,Rush Sturges,NULL
s232,David Oyelowo,NULL
s233,NULL,NULL
s234,Mark Lo,NULL
s235,NULL,NULL
s236,Crystal Moselle,NULL
s237,Rathindran R Prasad,NULL
s238,Rathindran R Prasad,NULL
s239,Rathindran R Prasad,NULL
s240,Rathindran R Prasad,NULL
s241,Han Kwang Il,NULL
s242,NULL,NULL
s243,NULL,NULL
s244,NULL,NULL
s245,Karim El Shenawy,NULL
s246,NULL,NULL
s247,Yin Chen-hao,NULL
s248,Brian Andrew Mendoza,NULL
s249,NULL,NULL
s250,Dave Needham,NULL
s251,Veronica Velasco,NULL
s252,Drake Doremus,NULL
s253,Miguel Alexandre,NULL
s254,Mani Ratnam,NULL
s255,NULL,NULL
s256,Michael Harte,NULL
s257,Tosin Igho,NULL
s258,Mani Ratnam,NULL
s259,Alice Filippi,NULL
s260,Paakhi Tyrewala,NULL
s261,NULL,NULL
s262,Bruno Garotti,NULL
s263,Laura Brownson,NULL
s264,NULL,NULL
s265,Steve Brill,NULL
s266,NULL,NULL
s267,NULL,NULL
s268,Jane Campion,NULL
s269,Moses Inwang,NULL
s270,NULL,NULL
s271,Ferdinando Cito Filomarino,NULL
s272,NULL,NULL
s273,NULL,NULL
s274,Juan Carlos Medina,NULL
s275,NULL,NULL
s276,NULL,NULL
s277,Inma Torrente,NULL
s278,NULL,NULL
s279,Julián Gaviria,NULL
s280,Steven Yamamoto,NULL
s281,NULL,NULL
s282,Charles Uwagbai,NULL
s283,Julián Hernández,NULL
s284,Sam Hobkinson,NULL
s285,Vince Marcello,NULL
s286,Jonathan Teplitzky,NULL
s287,NULL,NULL
s288,Sakon Tiacharoen,NULL
s289,NULL,NULL
s290,NULL,NULL
s291,Floyd Russ,NULL
s292,NULL,NULL
s293,Dustin Hoffman,NULL
s294,Adze Ugah,NULL
s295,Hideaki Takizawa,NULL
s296,Quoc Bao Tran,NULL
s297,NULL,NULL
s298,Bejoy Nambiar,Priyadarshan
s299,Kayode Kasum,NULL
s300,Just Philippot,NULL
s301,Kirk DeMicco,Brandon Jeffords
s302,Rohit Shetty,NULL
s303,Cavi Borges,Luciano Vidigal
s304,Alejandro Doria,NULL
s305,Laura Fairrie,NULL
s306,Marcelo Piñeyro,NULL
s307,Izu Ojukwu,NULL
s308,Peter Winther,NULL
s309,Susan Lacy,NULL
s310,NULL,NULL
s311,Billy Corben,NULL
s312,NULL,NULL
s313,NULL,NULL
s314,NULL,NULL
s315,James Mangold,NULL
s316,Chineze Anyaene,NULL
s317,Hsu Fu-chun,NULL
s318,Kristine Stolakis,NULL
s319,Eva Müller,Michael Schmitt
s320,NULL,NULL
s321,NULL,NULL
s322,NULL,NULL
s323,NULL,NULL
s324,NULL,NULL
s325,NULL,NULL
s326,Brian Levant,NULL
s327,Rod Daniel,NULL
s328,Robert Zemeckis,NULL
s329,Todor Chapkanov,NULL
s330,Steven Spielberg,NULL
s331,Phil Lord,Christopher Miller
s332,NULL,NULL
s333,Renny Harlin,NULL
s334,John Hughes,NULL
s335,Justin Baldoni,NULL
s336,Joe Roth,NULL
s337,NULL,NULL
s338,Mark Helfrich,NULL
s339,NULL,NULL
s340,Mag Hsu,Hsu Chih-yen
s341,Christopher Nolan,NULL
s342,Paul Thomas Anderson,NULL
s343,Nick Castle,NULL
s344,Howard Zieff,NULL
s345,Howard Zieff,NULL
s346,David Feiss,NULL
s347,David Gordon Green,NULL
s348,Jorge Blanco,NULL
s349,Zara Hayes,NULL
s350,Gary Ross,NULL
s351,Clint Eastwood,NULL
s352,Trey Parker,NULL
s353,Kelly Fremon Craig,NULL
s354,Tom Elkins,NULL
s355,Tony Scott,NULL
s356,Brad Furman,NULL
s357,Sylvain White,NULL
s358,Brad Anderson,NULL
s359,Irwin Winkler,NULL
s360,Spike Lee,NULL
s361,Garry Marshall,NULL
s362,NULL,NULL
s363,Kenneth Gyang,NULL
s364,Jaume Balagueró,NULL
s365,NULL,NULL
s366,Najwa Najjar,NULL
s367,NULL,NULL
s368,Selçuk Metin,NULL
s369,NULL,NULL
s370,NULL,NULL
s371,NULL,NULL
s372,Najwa Najjar,NULL
s373,Keishi Otomo,NULL
s374,David Charhon,NULL
s375,Michelle Bello,NULL
s376,Steven Tsuchida,NULL
s377,NULL,NULL
s378,Daniel Markowicz,NULL
s379,Louie Schwartzberg,NULL
s380,NULL,NULL
s381,Glen Winter,NULL
s382,NULL,NULL
s383,NULL,NULL
s384,Ram Gopal Varma,NULL
s385,David Benullo,NULL
s386,NULL,NULL
s387,NULL,NULL
s388,Laxman Utekar,NULL
s389,Royale Watkins,Rich Schlansker
s390,Yuval Adler,NULL
s391,NULL,NULL
s392,NULL,NULL
s393,Quentin Tarantino,NULL
s394,Clay Glen,NULL
s395,Muzi Mthembu,NULL
s396,Marcos Bucay,NULL
s397,Peter Thorwarth,NULL
s398,NULL,NULL
s399,Kim Seong-hun,NULL
s400,NULL,NULL
s401,NULL,NULL
s402,NULL,NULL
s403,Augustine Frizzell,NULL
s404,NULL,NULL
s405,NULL,NULL
s406,Sidheswar Shukla,NULL
s407,Rajiv Chilaka,NULL
s408,Rajiv Chilaka,NULL
s409,Rajiv Chilaka,NULL
s410,Rajiv Chilaka,NULL
s411,Rajiv Chilaka,NULL
s412,Rajiv Chilaka,NULL
s413,Rajiv Chilaka,NULL
s414,Rajiv Chilaka,NULL
s415,Rajiv Chilaka,NULL
s416,Rajiv Chilaka,NULL
s417,Rajiv Chilaka,NULL
s418,Binayak Das,NULL
s419,Arpan Sarkar,Shyamal Chaulia
s420,Rajiv Chilaka,NULL
s421,Rajiv Chilaka,NULL
s422,Rajiv Chilaka,Owll Mina
s423,Rajiv Chilaka,NULL
s424,Rajiv Chilaka,NULL
s425,Rajiv Chilaka,NULL
s426,NULL,NULL
s427,Ainsley Gardiner,Briar Grace-Smith
s428,Mahmoud Karim,NULL
s429,Kyohei Ishiguro,NULL
s430,Seyi Babatope,NULL
s431,NULL,NULL
s432,NULL,NULL
s433,Johane Matte,Andrew L. Schmidt
s434,Morgan Ingari,NULL
s435,NULL,NULL
s436,NULL,NULL
s437,Abdulaziz Alshlahei,NULL
s438,Edward Drake,NULL
s439,Kathryn Fasegha,NULL
s440,Sita Likitvanichkul,Jetarin Ratanaserikiat
s441,NULL,NULL
s442,Leigh Janiak,NULL
s443,NULL,NULL
s444,Luis Estrada,NULL
s445,Garrett Bradley,NULL
s446,Sofia Coppola,NULL
s447,Colin Trevorrow,NULL
s448,Bill Condon,NULL
s449,Bill Condon,NULL
s450,David Slade,NULL
s451,Chris Weitz,NULL
s452,Catherine Hardwicke,NULL
s453,Hadrah Daeng Ratu,NULL
s454,NULL,NULL
s455,Tommy Chong,NULL
s456,Fred Ouro Preto,NULL
s457,NULL,NULL
s458,Mayye Zayed,NULL
s459,Alessandra de Rossi,NULL
s460,NULL,NULL
s461,Ash Brannon,Chris Buck
s462,Alaa Eddine Aljem,NULL
s463,Tom Donahue,NULL
s464,Roberto De Feo,Paolo Strippoli
s465,Navot Papushado,NULL
s466,NULL,NULL
s467,NULL,NULL
s468,Manuel Alcalá,NULL
s469,Ricardo Trogi,NULL
s470,Semi Chellas,NULL
s471,NULL,NULL
s472,Akay Mason,Abosi Ogba
s473,NULL,NULL
s474,Viridiana Lieberman,NULL
s475,Nima Nourizadeh,NULL
s476,Daniel Ružicka,NULL
s477,Juraj Šajmovic,NULL
s478,NULL,NULL
s479,NULL,NULL
s480,Leigh Janiak,NULL
s481,Femi D. Ogunsanwo,NULL
s482,Douglas Attal,NULL
s483,NULL,NULL
s484,NULL,NULL
s485,Kim Joo-hyung,NULL
s486,Avi Federgreen,NULL
s487,Jericca Cleland,Kevin Munroe
s488,NULL,NULL
s489,NULL,NULL
s490,Ahmed Siddiqui,NULL
s491,NULL,NULL
s492,Hallie Meyers-Shyer,NULL
s493,Scott Speer,NULL
s494,NULL,NULL
s495,Barry Levinson,NULL
s496,Tolulope Itegboje,NULL
s497,Camille Delamarre,NULL
s498,NULL,NULL
s499,Pascal Atuma,NULL
s500,NULL,NULL
s501,Oleg Trofim,NULL
s502,Seyi Babatope,NULL
s503,Mahmood Ali-Balogun,NULL
s504,Jan Holoubek,NULL
s505,NULL,NULL
s506,Anurin Nwunembom,Musing Derrick
s507,Christine Luby,NULL
s508,Udoka Oyeka,NULL
s509,Yeo Siew Hua,NULL
s510,NULL,NULL
s511,NULL,NULL
s512,NULL,NULL
s513,NULL,NULL
s514,NULL,NULL
s515,NULL,NULL
s516,NULL,NULL
s517,NULL,NULL
s518,NULL,NULL
s519,Hardik Mehta,NULL
s520,NULL,NULL
s521,NULL,NULL
s522,NULL,NULL
s523,NULL,NULL
s524,NULL,NULL
s525,NULL,NULL
s526,NULL,NULL
s527,NULL,NULL
s528,NULL,NULL
s529,Rajveer Singh Maan,Harpeet Singh
s530,Youssef Chahine,NULL
s531,NULL,NULL
s532,Saw Teong Hin,Nik Amir Mustapha
s533,NULL,NULL
s534,NULL,NULL
s535,Rano Karno,NULL
s536,NULL,NULL
s537,NULL,NULL
s538,NULL,NULL
s539,NULL,NULL
s540,NULL,NULL
s541,NULL,NULL
s542,Pramod Pawar,NULL
s543,Naresh Saigal,NULL
s544,NULL,NULL
s545,NULL,NULL
s546,NULL,NULL
s547,NULL,NULL
s548,NULL,NULL
s549,NULL,NULL
s550,NULL,NULL
s551,Leigh Janiak,NULL
s552,Vinil Mathew,NULL
s553,Neri Parenti,NULL
s554,NULL,NULL
s555,Ramsey Nouah,NULL
s556,Bong Joon Ho,NULL
s557,Kim Tae-hyung,NULL
s558,Michael Spierig,Peter Spierig
s559,Ernie Barbarash,NULL
s560,Wolfgang Petersen,NULL
s561,Matt Ogens,NULL
s562,Jay Roach,NULL
s563,Jay Roach,NULL
s564,Jay Roach,NULL
s565,Paul Thomas Anderson,NULL
s566,NULL,NULL
s567,McG,NULL
s568,Frank Marshall,NULL
s569,Nick Castle,NULL
s570,Victor Vu,NULL
s571,Chow Hin Yeung Roy,NULL
s572,NULL,NULL
s573,Joel Hopkins,NULL
s574,John Stevenson,Mark Osborne
s575,Jennifer Yuh Nelson,NULL
s576,Greg Berlanti,NULL
s577,Garth Davis,NULL
s578,Malik Nejer,NULL
s579,Rob Marshall,NULL
s580,Martin Brest,NULL
s581,Shuko Murase,NULL
s582,Paul W.S. Anderson,NULL
s583,Garry Marshall,NULL
s584,Ivan Reitman,NULL
s585,Joel Gallen,NULL
s586,Claire McCarthy,NULL
s587,Mary Lambert,NULL
s588,Sidharta Tata,Aco Tenriyagelli
s589,NULL,NULL
s590,Trevor Nunn,NULL
s591,NULL,NULL
s592,Gabriele Muccino,NULL
s593,Jim Field Smith,NULL
s594,Chris Koch,NULL
s595,J.J. Abrams,NULL
s596,Rob Minkoff,NULL
s597,Lynn Shelton,NULL
s598,Adam McKay,NULL
s599,Anton Corbijn,NULL
s600,Robin Bissell,NULL
s601,David Fincher,NULL
s602,John G. Avildsen,NULL
s603,John G. Avildsen,NULL
s604,John G. Avildsen,NULL
s605,Alan Parker,NULL
s606,Walter Hill,NULL
s607,Stephen Frears,NULL
s608,Bryan Bertino,NULL
s609,Phil Alden Robinson,NULL
s610,Florian Henckel von Donnersmarck,NULL
s611,Len Wiseman,NULL
s612,Måns Mårlind,Björn Stein
s613,Patrick Tatopoulos,NULL
s614,Robert O. Peters,NULL
s615,Vincent Ward,NULL
s616,Gregory Nava,NULL
s617,Mary Harron,NULL
s618,NULL,NULL
s619,Matt Thompson,NULL
s620,Jameel Buari,NULL
s621,NULL,NULL
s622,Shen Leping,NULL
s623,Matt Aselton,NULL
s624,Jose Javier Reyes,NULL
s625,Jakub Piatek,NULL
s626,NULL,NULL
s627,John Dower,NULL
s628,NULL,NULL
s629,NULL,NULL
s630,B. T Thomas,NULL
s631,Andrew Dominik,NULL
s632,NULL,NULL
s633,Nibal Arakji,NULL
s634,Sofie Šustková,NULL
s635,Anissa Bonnefont,NULL
s636,Bahij Hojeij,NULL
s637,Jonathan Hensleigh,NULL
s638,Srijit Mukherji,Vasan Bala
s639,NULL,NULL
s640,NULL,NULL
s641,NULL,NULL
s642,NULL,NULL
s643,NULL,NULL
s644,Justin P. Lange,NULL
s645,Kimmy Gatewood,NULL
s646,Tània Balló,NULL
s647,Manolo Caro,NULL
s648,NULL,NULL
s649,NULL,NULL
s650,Anurin Nwunembom,NULL
s651,Jayme Monjardim,NULL
s652,Kingsley Ogoro,NULL
s653,Kingsley Ogoro,NULL
s654,NULL,NULL
s655,Cristina Jacob,NULL
s656,Cristina Jacob,NULL
s657,Cristina Jacob,NULL
s658,NULL,NULL
s659,NULL,NULL
s660,NULL,NULL
s661,NULL,NULL
s662,NULL,NULL
s663,NULL,NULL
s664,NULL,NULL
s665,Fernando Moro,NULL
s666,NULL,NULL
s667,Ivan Andrew Payawal,NULL
s668,NULL,NULL
s669,NULL,NULL
s670,NULL,NULL
s671,Yoshiyuki Tomino,Yoshikazu Yasuhiko
s672,Yoshiyuki Tomino,Yoshikazu Yasuhiko
s673,Yoshiyuki Tomino,NULL
s674,NULL,NULL
s675,NULL,NULL
s676,NULL,NULL
s677,Rob Seidenglanz,NULL
s678,NULL,NULL
s679,NULL,NULL
s680,NULL,NULL
s681,NULL,NULL
s682,Simon Frederick,NULL
s683,NULL,NULL
s684,Michihito Fujii,NULL
s685,NULL,NULL
s686,Paul Weitz,NULL
s687,NULL,NULL
s688,Karthik Subbaraj,NULL
s689,Kayode Kasum,NULL
s690,Yoshiyuki Tomino,Yoshikazu Yasuhiko
s691,Keishi Otomo,NULL
s692,NULL,NULL
s693,Hsu Fu-chun,NULL
s694,Lucky Kuswandi,NULL
s695,Soudade Kaadan,NULL
s696,Soudade Kaadan,NULL
s697,NULL,NULL
s698,NULL,NULL
s699,Antoinette Jadaone,NULL
s700,NULL,NULL
s701,NULL,NULL
s702,Marie Clements,NULL
s703,David O. Russell,NULL
s704,NULL,NULL
s705,Achille Brice,NULL
s706,Max Jabs,NULL
s707,NULL,NULL
s708,Sarawut Wichiensarn,NULL
s709,Ricardo de Montreuil,NULL
s710,NULL,NULL
s711,NULL,NULL
s712,Peter Chelsom,NULL
s713,Michael Lockshin,NULL
s714,NULL,NULL
s715,NULL,NULL
s716,NULL,NULL
s717,Francine Parker,NULL
s718,NULL,NULL
s719,Daniel Schechter,NULL
s720,NULL,NULL
s721,NULL,NULL
s722,Mike Gunther,NULL
s723,David Zeiger,NULL
s724,Michael Simon,NULL
s725,Jerry Rothwell,NULL
s726,NULL,NULL
s727,Joe Berlinger,Bruce Sinofsky
s728,Ian Cheney,Sharon Shattuck
s729,Bradley Parker,NULL
s730,NULL,NULL
s731,NULL,NULL
s732,NULL,NULL
s733,NULL,NULL
s734,NULL,NULL
s735,NULL,NULL
s736,Prabhakaran,NULL
s737,Manjari Makijany,NULL
s738,Jay Oliva,NULL
s739,NULL,NULL
s740,Chris Appelhans,NULL
s741,Michael Tiddes,NULL
s742,Lara Saba,NULL
s743,Bao Nhan,Namcito
s744,Mark Raso,NULL
s745,NULL,NULL
s746,Tariq Alkazim,NULL
s747,Mark Raso,NULL
s748,Kenneth Gyang,NULL
s749,NULL,NULL
s750,NULL,NULL
s751,Yulene Olaizola,NULL
s752,NULL,NULL
s753,Mark Waters,NULL
s754,NULL,NULL
s755,Matthew Heineman,NULL
s756,NULL,NULL
s757,Robert Peters,NULL
s758,Jonathan Clay,NULL
s759,Ally Pankiw,NULL
s760,George Ford,NULL
s761,George Ford,NULL
s762,NULL,NULL
s763,Lee Kae-byeok,NULL
s764,NULL,NULL
s765,Jayan Moodley,NULL
s766,Daniel Benmayor,NULL
s767,Alex Díaz,NULL
s768,NULL,NULL
s769,Helena Bergström,NULL
s770,Alejandro De Grazia,Juan Stadler
s771,Myriam Fares,NULL
s772,Chiaki Kon,NULL
s773,NULL,NULL
s774,Rae Red,NULL
s775,Lance Hool,NULL
s776,Nicole Conn,NULL
s777,Les Mayfield,NULL
s778,Ellen Seidler,Megan Siler
s779,NULL,NULL
s780,Roger Christian,NULL
s781,NULL,NULL
s782,Peter Galison,NULL
s783,Lance Young,NULL
s784,Leandro Neri,NULL
s785,Thom Fitzgerald,NULL
s786,NULL,NULL
s787,Don Michael Paul,NULL
s788,Andrzej Bartkowiak,NULL
s789,Harold Becker,NULL
s790,NULL,NULL
s791,Andrew Jenks,NULL
s792,Ric Roman Waugh,NULL
s793,Rob Reiner,NULL
s794,Andy Tennant,NULL
s795,Tade Ogidan,NULL
s796,NULL,NULL
s797,Scott Spiegel,NULL
s798,Jessie Nelson,NULL
s799,Theodore Witcher,NULL
s800,Clint Eastwood,NULL
s801,Aurora Guerrero,NULL
s802,Michael Jai White,NULL
s803,James McTeigue,NULL
s804,Takuya Igarashi,NULL
s805,Michelle MacLaren,NULL
s806,NULL,NULL
s807,Hidenori Inoue,NULL
s808,Hidenori Inoue,NULL
s809,Don Michael Paul,NULL
s810,Todd Phillips,NULL
s811,Walter Hill,NULL
s812,Steve Ball,NULL
s813,Dominic Sena,NULL
s814,NULL,NULL
s815,Alan Alda,NULL
s816,Mika Kaurismäki,NULL
s817,Sydney Pollack,NULL
s818,Lorene Scafaria,NULL
s819,Barbra Streisand,NULL
s820,Clint Eastwood,NULL
s821,NULL,NULL
s822,Michael Winterbottom,NULL
s823,Emma Tammi,NULL
s824,Peter Hutchings,NULL
s825,George Ratliff,NULL
s826,NULL,NULL
s827,Bo Burnham,NULL
s828,Ekene Som Mekwunye,NULL
s829,David Frankel,NULL
s830,Kevin Johnson,NULL
s831,NULL,NULL
s832,José Larraza,Marc Pons
s833,Gary Sing,NULL
s834,NULL,NULL
s835,Julio Quintana,NULL
s836,NULL,NULL
s837,Paween Purijitpanya,NULL
s838,NULL,NULL
s839,Pablo Faro,NULL
s840,Soudade Kaadan,NULL
s841,Letizia Lamartire,NULL
s842,Ray Jiang,NULL
s843,NULL,NULL
s844,NULL,NULL
s845,Daniel Vernon,NULL
s846,Steve Gukas,NULL
s847,Tim Johnson,NULL
s848,NULL,NULL
s849,NULL,NULL
s850,NULL,NULL
s851,Vishwesh Krishnamoorthy,NULL
s852,NULL,NULL
s853,NULL,NULL
s854,Zack Snyder,NULL
s855,NULL,NULL
s856,NULL,NULL
s857,Uduak-Obong Patrick,NULL
s858,NULL,NULL
s859,Mohamed Diab,NULL
s860,Amr Salama,NULL
s861,Christopher Amos,NULL
s862,Prakash Satam,NULL
s863,NULL,NULL
s864,Robert Rodriguez,NULL
s865,Milan Luthria,NULL
s866,David Ayer,NULL
s867,Eshom Nelms,Ian Nelms
s868,James Moll,NULL
s869,NULL,NULL
s870,NULL,NULL
s871,James Redford,NULL
s872,Kaashvie Nair,NULL
s873,J.D. Dillard,NULL
s874,Nikhil Pherwani,NULL
s875,NULL,NULL
s876,Mae Czarina Cruz,NULL
s877,NULL,NULL
s878,Praveen Kandregula,NULL
s879,Cecilia Verheyden,NULL
s880,Daniel Minahan,NULL
s881,NULL,NULL
s882,Donovan Marsh,NULL
s883,Brent Dawes,NULL
s884,NULL,NULL
s885,NULL,NULL
s886,Leli Maki,NULL
s887,Uzodinma Okpechi,NULL
s888,Daniel Prochaska,NULL
s889,NULL,NULL
s890,Joe Wright,NULL
s891,NULL,NULL
s892,Matthew Vaughn,NULL
s893,Aditya Kripalani,NULL
s894,Adriano Rudiman,NULL
s895,David Pablos,NULL
s896,Alexandre Aja,NULL
s897,NULL,NULL
s898,Cai Cong,NULL
s899,Samuel Olatunji,NULL
s900,Ramon Térmens,NULL
s901,NULL,NULL
s902,Svetlana Cvetko,NULL
s903,NULL,NULL
s904,Martin Prakkat,NULL
s905,Baran bo Odar,NULL
s906,Zhang Chong,NULL
s907,Yilmaz Erdogan,NULL
s908,Shantrelle P. Lewis,NULL
s909,NULL,NULL
s910,Ivan Ayr,NULL
s911,Anthony Mandler,NULL
s912,Vijay Roche,NULL
s913,NULL,NULL
s914,Stanley Menino D'Costa,NULL
s915,Jennifer Brea,NULL
s916,Julia von Heinz,NULL
s917,Niels Arden Oplev,NULL
s918,Don Argott,Sheena M. Joyce
s919,NULL,NULL
s920,Joshua Zeman,NULL
s921,NULL,NULL
s922,NULL,NULL
s923,Duncan Skiles,NULL
s924,NULL,NULL
s925,Sean McNamara,NULL
s926,NULL,NULL
s927,Vondie Curtis-Hall,NULL
s928,NULL,NULL
s929,Robert Radler,NULL
s930,Roel Reiné,NULL
s931,Todd Phillips,NULL
s932,Dean Parisot,NULL
s933,Paul Greengrass,NULL
s934,Lasse Hallström,NULL
s935,Justin Kelly,NULL
s936,Eric Darnell,Tom McGrath
s937,NULL,NULL
s938,Suhas Kadav,NULL
s939,Suhas Kadav,NULL
s940,Suhas Kadav,NULL
s941,Suhas Kadav,NULL
s942,Suhas Kadav,NULL
s943,Clint Eastwood,NULL
s944,Jeff Wadlow,NULL
s945,Charles Martin,NULL
s946,Stella Corradi,NULL
s947,Roland Emmerich,NULL
s948,Kevin Macdonald,NULL
s949,Ann Deborah Fishman,NULL
s950,Chris Gorak,NULL
s951,Peter Jackson,NULL
s952,Roger Kumble,NULL
s953,Jonathan Lynn,NULL
s954,Courtney Hunt,NULL
s955,Pierre Greco,Nancy Florence Savard
s956,Andrew Davis,NULL
s957,Kevin Smith,NULL
s958,NULL,NULL
s959,Tosin Igho,NULL
s960,Chaitanya Tamhane,NULL
s961,Oriol Paulo,NULL
s962,Mike Rianda,Jeff Rowe
s963,Johannes Roberts,NULL
s964,NULL,NULL
s965,Robert Pulcini,Shari Springer Berman
s966,NULL,NULL
s967,Pedro Antonio,NULL
s968,NULL,NULL
s969,NULL,NULL
s970,John Wells,NULL
s971,Jonathan Liebesman,NULL
s972,Maria Pulera,NULL
s973,NULL,NULL
s974,Santhosh Viswanath,NULL
s975,Seema Pahwa,NULL
s976,NULL,NULL
s977,Ozan Açiktan,NULL
s978,Meltem Bozoflu,NULL
s979,Hakan Algül,NULL
s980,Selçuk Aydemir,Birkan Pusa
s981,Selçuk Aydemir,NULL
s982,Ömer Faruk Sorak,NULL
s983,Senol Sönmez,NULL
s984,Alexis Morante,NULL
s985,Burak Aksak,NULL
s986,Kivanç Baruönü,NULL
s987,Kivanç Baruönü,NULL
s988,Rindala Kodeih,NULL
s989,Kongkiat Khomsiri,NULL
s990,Bedran Güzel,NULL
s991,Hakan Algül,NULL
s992,Marwan Nabil,NULL
s993,MIKIKO,Daito Manabe
s994,NULL,NULL
s995,Kayode Kasum,NULL
s996,Yilmaz Erdogan,Ömer Faruk Sorak
s997,Takashi Shimizu,NULL
s998,NULL,NULL
s999,NULL,NULL
s1000,Joe Penna,NULL
s1001,Ahishor Solomon,NULL
s1002,Curtis Graham,NULL
s1003,Gerardo Gatica,NULL
s1004,NULL,NULL
s1005,NULL,NULL
s1006,NULL,NULL
s1007,Suhas Kadav,NULL
s1008,Suhas Kadav,NULL
s1009,Suhas Kadav,NULL
s1010,Akshay Sanjeev Chavan,Sumit Das
s1011,NULL,NULL
s1012,NULL,NULL
s1013,NULL,NULL
s1014,John Madden,NULL
s1015,NULL,NULL
s1016,Edward James Olmos,NULL
s1017,Abhinay Deo,NULL
s1018,Kiran Rao,NULL
s1019,Abbas Tyrewala,NULL
s1020,Ashutosh Gowariker,NULL
s1021,Satyajit Bhatkal,NULL
s1022,Anusha Rizvi,Mahmood Farooqui
s1023,Aamir Khan,NULL
s1024,Shashank Khaitan,Raj Mehta
s1025,Ryan Crego,NULL
s1026,NULL,NULL
s1027,Cassi Simonds,NULL
s1028,Guillermo del Toro,NULL
s1029,NULL,NULL
s1030,Tony Abulu,NULL
s1031,Mae Czarina Cruz,NULL
s1032,Stefan Westerwelle,NULL
s1033,NULL,NULL
s1034,Ron Howard,NULL
s1035,Justin Benson,Aaron Moorhead
s1036,Niki Caro,NULL
s1037,Mark Dennis,Ben Foster
s1038,Taranveer Singh,NULL
s1039,NULL,NULL
s1040,TT The Artist,NULL
s1041,NULL,NULL
s1042,Keiichi Sato,Yasushi Kawamura
s1043,Glenn Weiss,NULL
s1044,NULL,NULL
s1045,NULL,NULL
s1046,NULL,NULL
s1047,Michael Civille,NULL
s1048,NULL,NULL
s1049,NULL,NULL
s1050,NULL,NULL
s1051,Ryuichi Hiroki,NULL
s1052,NULL,NULL
s1053,Paul Thomas Anderson,NULL
s1054,One9,NULL
s1055,Adriano Rudiman,NULL
s1056,Luis Valdez,NULL
s1057,NULL,NULL
s1058,NULL,NULL
s1059,NULL,NULL
s1060,NULL,NULL
s1061,NULL,NULL
s1062,NULL,NULL
s1063,NULL,NULL
s1064,NULL,NULL
s1065,NULL,NULL
s1066,NULL,NULL
s1067,Cheng Wei-hao,NULL
s1068,Pass Patthanakumjon,NULL
s1069,NULL,NULL
s1070,Buchi Babu Sana,NULL
s1071,Fredrick Munk,NULL
s1072,Suhas Kadav,NULL
s1073,Suhas Kadav,NULL
s1074,Suhas Kadav,NULL
s1075,Suhas Kadav,NULL
s1076,Moyoung Jin,Caroline Sá
s1077,Suhas Kadav,NULL
s1078,Suhas Kadav,NULL
s1079,Suhas Kadav,NULL
s1080,NULL,NULL
s1081,Zhao Ji,NULL
s1082,NULL,NULL
s1083,NULL,NULL
s1084,Jamie Babbit,NULL
s1085,NULL,NULL
s1086,Park Hoon-jung,NULL
s1087,Dare Olaitan,NULL
s1088,Hardik Mehta,NULL
s1089,Ben Falcone,NULL
s1090,Travon Free,Martin Desmond Roe
s1091,Angga Dwimas Sasongko,NULL
s1092,NULL,NULL
s1093,NULL,NULL
s1094,NULL,NULL
s1095,NULL,NULL
s1096,NULL,NULL
s1097,Steve Rolston,NULL
s1098,Shalini Kantayya,NULL
s1099,Madonne Ashwin,NULL
s1100,Enah Johnscott,NULL
s1101,Braden R. Duemmler,NULL
s1102,Cal Brunker,NULL
s1103,Steve Pink,NULL
s1104,Xiao Feng,NULL
s1105,Vince Marcello,NULL
s1106,Ricky Staub,NULL
s1107,Patrick Durham,Paul G. Volk
s1108,BB Sasore,NULL
s1109,Naseef Yusuf Izuddin,NULL
s1110,Appie Boudellah,Aram van de Rest
s1111,Sylvie Verheyde,NULL
s1112,Nick Moore,NULL
s1113,Alex Zamm,NULL
s1114,Roland Emmerich,NULL
s1115,Rajkumar Hirani,NULL
s1116,Rajesh Mapuskar,NULL
s1117,NULL,NULL
s1118,Lina Al Abed,NULL
s1119,James Wan,NULL
s1120,David Hackl,NULL
s1121,Takeshi Nozue,NULL
s1122,Robert Luketic,NULL
s1123,Subhash Kapoor,NULL
s1124,NULL,NULL
s1125,Ringo Lam,NULL
s1126,NULL,NULL
s1127,George Cukor,NULL
s1128,NULL,NULL
s1129,Tony Giglio,NULL
s1130,NULL,NULL
s1131,Hidenori Inoue,NULL
s1132,Hidenori Inoue,NULL
s1133,Hidenori Inoue,NULL
s1134,Don Michael Paul,NULL
s1135,Shinji Aramaki,Masaru Matsumoto
s1136,John Luessenhop,NULL
s1137,Hanung Bramantyo,Pandu Adjisurya
s1138,Bashir El Deek,NULL
s1139,Roman Polanski,NULL
s1140,Nelson McCormick,NULL
s1141,Mic Rodgers,NULL
s1142,Bejoy Nambiar,NULL
s1143,Shawn Rech,NULL
s1144,NULL,NULL
s1145,Peyton Reed,NULL
s1146,Julian Schnabel,NULL
s1147,Adrián García Bogliano,NULL
s1148,Jose Gomez,NULL
s1149,NULL,NULL
s1150,NULL,NULL
s1151,Jonathon Link,NULL
s1152,Blair Simmons,NULL
s1153,NULL,NULL
s1154,Justin Chadwick,NULL
s1155,John Hillcoat,NULL
s1156,Nadine Ibrahim,NULL
s1157,Roman White,NULL
s1158,NULL,NULL
s1159,NULL,NULL
s1160,Fermín Muguruza,NULL
s1161,Mike Hodges,NULL
s1162,NULL,NULL
s1163,Eylem Kaftan,NULL
s1164,NULL,NULL
s1165,Fernando Ayllón,NULL
s1166,Umesh Bist,NULL
s1167,NULL,NULL
s1168,Massimiliano Camaiti,NULL
s1169,NULL,NULL
s1170,NULL,NULL
s1171,Aleksey Tsitsilin,NULL
s1172,Ali Tabrizi,NULL
s1173,Kagiso Lediga,NULL
s1174,Jung-ah Im,NULL
s1175,NULL,NULL
s1176,Stephen Frears,NULL
s1177,Takuma Sato,NULL
s1178,Brody Chu,NULL
s1179,Dimitri Logothetis,NULL
s1180,NULL,NULL
s1181,NULL,NULL
s1182,NULL,NULL
s1183,NULL,NULL
s1184,Taketoshi Sado,NULL
s1185,Li Weiran,NULL
s1186,Chinaza Onuzo,NULL
s1187,NULL,NULL
s1188,Anna Elizabeth James,NULL
s1189,Vitor Brandt,NULL
s1190,Troy Miller,NULL
s1191,Liam O'Donnell,NULL
s1192,Manny Rodriguez,Jay Lavender
s1193,Farah Nabulsi,NULL
s1194,Adriano Rudiman,NULL
s1195,Walter Taylaur,NULL
s1196,Chris Smith,NULL
s1197,Alain Brunard,NULL
s1198,Tate Taylor,NULL
s1199,Ladislaus Kiraly,NULL
s1200,Oliver Stone,NULL
s1201,NULL,NULL
s1202,NULL,NULL
s1203,Hemambar Jasti,NULL
s1204,Steven Spielberg,NULL
s1205,Taylor Morden,NULL
s1206,NULL,NULL
s1207,NULL,NULL
s1208,Helena Coan,NULL
s1209,Muharrem Gülmez,NULL
s1210,Dolapo Adeleke,NULL
s1211,NULL,NULL
s1212,Mahsun Kirmizigül,NULL
s1213,Can Ulkay,NULL
s1214,NULL,NULL
s1215,Luis Alejandro Pérez,NULL
s1216,Ketche,NULL
s1217,Erol Özlevi,NULL
s1218,NULL,NULL
s1219,Miguel Arteta,NULL
s1220,Tolga Örnek,NULL
s1221,Pablo Agüero,NULL
s1222,Mohammad Irfan Ramly,NULL
s1223,Kevin McManus,Matthew McManus
s1224,Ange Basterga,Nicolas Lopez
s1225,NULL,NULL
s1226,NULL,NULL
s1227,NULL,NULL
s1228,NULL,NULL
s1229,Gitanjali Rao,NULL
s1230,NULL,NULL
s1231,Halitha Shameem,NULL
s1232,NULL,NULL
s1233,Carlos Moreno,NULL
s1234,Kayode Kasum,NULL
s1235,Maribel Sánchez-Maroto,NULL
s1236,NULL,NULL
s1237,Julien Leclercq,NULL
s1238,Fajar Bustomi,NULL
s1239,NULL,NULL
s1240,Taylor Hackford,NULL
s1241,Lasse Hallström,NULL
s1242,Amy Poehler,NULL
s1243,Jared Hess,Tyler Measom
s1244,Mike Binder,NULL
s1245,Abir Sengupta,NULL
s1246,NULL,NULL
s1247,Sunny Lau,NULL
s1248,Hidenori Inoue,NULL
s1249,Emmett Malloy,NULL
s1250,Xavier Maingon,Marc-Antoine Hélard
s1251,Milton Kremer,NULL
s1252,Kevin Costner,NULL
s1253,Marco Petry,NULL
s1254,Andrew Duncan,Ken Cunningham
s1255,Barry Levinson,NULL
s1256,Hidenori Inoue,NULL
s1257,Liam Lynch,NULL
s1258,NULL,NULL
s1259,Jérémie Degruson,Ben Stassen
s1260,Matt Ross,NULL
s1261,Dani de la Orden,NULL
s1262,Pablo Larraín,NULL
s1263,NULL,NULL
s1264,John Erick Dowdle,NULL
s1265,Jesse Peretz,NULL
s1266,Ribhu Dasgupta,NULL
s1267,Pablo Larraín,NULL
s1268,Baran bo Odar,NULL
s1269,NULL,NULL
s1270,Rizki Balki,NULL
s1271,NULL,NULL
s1272,NULL,NULL
s1273,NULL,NULL
s1274,Shunsuke Kariyama,NULL
s1275,NULL,NULL
s1276,NULL,NULL
s1277,Jeferson De,NULL
s1278,NULL,NULL
s1279,Troy Miller,NULL
s1280,Barry Avrich,NULL
s1281,David Tryhorn,Ben Nicholas
s1282,Tirumala Kishore,NULL
s1283,NULL,NULL
s1284,James Wan,NULL
s1285,James Wan,NULL
s1286,NULL,NULL
s1287,Huang Hsin-Yao,NULL
s1288,NULL,NULL
s1289,Chris Weitz,NULL
s1290,Saron Sakina,NULL
s1291,J Blakeson,NULL
s1292,Khalid Rahman,NULL
s1293,Luis Ara,NULL
s1294,Tharun Bhascker Dhaassyam,B. V. Nandini Reddy
s1295,NULL,NULL
s1296,Prateek Vats,NULL
s1297,NULL,NULL
s1298,Alex Merkin,NULL
s1299,NULL,NULL
s1300,NULL,NULL
s1301,NULL,NULL
s1302,NULL,NULL
s1303,NULL,NULL
s1304,Ian Cheney,NULL
s1305,Ben Simms,NULL
s1306,Vikram Bhatt,NULL
s1307,NULL,NULL
s1308,Dallas Jenkins,NULL
s1309,NULL,NULL
s1310,Damián Romay,NULL
s1311,NULL,NULL
s1312,Hamisha Daryani Ahuja,NULL
s1313,Hong Khaou,NULL
s1314,NULL,NULL
s1315,NULL,NULL
s1316,Mario Briongos,NULL
s1317,Vinay Bharadwaj,NULL
s1318,NULL,NULL
s1319,Michael Fimognari,NULL
s1320,Eric D. Cabello Díaz,NULL
s1321,NULL,NULL
s1322,NULL,NULL
s1323,Clara Martínez-Lázaro,NULL
s1324,Monty Tiwa,NULL
s1325,Ava DuVernay,NULL
s1326,Alain Darborg,NULL
s1327,Filip Zylber,NULL
s1328,Ava DuVernay,NULL
s1329,Joe Berlinger,NULL
s1330,Julien Royal,NULL
s1331,Brian Baugh,NULL
s1332,NULL,NULL
s1333,NULL,NULL
s1334,Todd Phillips,NULL
s1335,Henri Wong,NULL
s1336,NULL,NULL
s1337,Maïa Sandoz,NULL
s1338,Mostofa Sarwar Farooki,NULL
s1339,NULL,NULL
s1340,NULL,NULL
s1341,Joseph Hsu,NULL
s1342,Sam Levinson,NULL
s1343,Jo Sung-hee,NULL
s1344,Michèle Ohayon,NULL
s1345,Rocco Ricciardulli,NULL
s1346,Guo Jingming,NULL
s1347,Jan Belcl,NULL
s1348,Esteban Crespo,NULL
s1349,NULL,NULL
s1350,NULL,NULL
s1351,NULL,NULL
s1352,Noé González,NULL
s1353,NULL,NULL
s1354,Dennis Dugan,NULL
s1355,NULL,NULL
s1356,NULL,NULL
s1357,NULL,NULL
s1358,Sarah Gavron,NULL
s1359,Martin Scorsese,NULL
s1360,Roger Donaldson,NULL
s1361,Richard Arellano,NULL
s1362,NULL,NULL
s1363,NULL,NULL
s1364,NULL,NULL
s1365,Jon Favreau,NULL
s1366,NULL,NULL
s1367,Marco Pontecorvo,NULL
s1368,Gregory Plotkin,NULL
s1369,Lluís Quílez,NULL
s1370,Jude Weng,NULL
s1371,Simon Stone,NULL
s1372,NULL,NULL
s1373,Noviandra Santosa,NULL
s1374,NULL,NULL
s1375,Jeremy Grant,NULL
s1376,NULL,NULL
s1377,Jeo Baby,NULL
s1378,NULL,NULL
s1379,Glendyn Ivin,NULL
s1380,Okey Oku,NULL
s1381,NULL,NULL
s1382,Ifeanyi Ikpoenyi,NULL
s1383,Chris Eneng Enaji,NULL
s1384,NULL,NULL
s1385,NULL,NULL
s1386,NULL,NULL
s1387,Ángeles Reiné,NULL
s1388,Paul Haggis,NULL
s1389,Ramin Bahrani,NULL
s1390,Nicol Paone,NULL
s1391,Nick Rowland,NULL
s1392,RZA,NULL
s1393,NULL,NULL
s1394,Cooper Karl,NULL
s1395,NULL,NULL
s1396,NULL,NULL
s1397,Gary Fleder,NULL
s1398,J.A. Bayona,NULL
s1399,Darren Lynn Bousman,NULL
s1400,Lydia Dean Pilcher,Ginny Mohler
s1401,NULL,NULL
s1402,NULL,NULL
s1403,NULL,NULL
s1404,Cris D'Amato,NULL
s1405,NULL,NULL
s1406,Mikael Håfström,NULL
s1407,Eric Darnell,Simon J. Smith
s1408,Byeon Hee-sun,NULL
s1409,NULL,NULL
s1410,Peter Facinelli,NULL
s1411,Renuka Shahane,NULL
s1412,Ross Kauffman,NULL
s1413,Sung Do-jun,NULL
s1414,Hanung Bramantyo,NULL
s1415,Charles Gozali,Bagus Bramanti
s1416,James Toback,NULL
s1417,Tiller Russell,NULL
s1418,Francisco D'Eufemia,NULL
s1419,Chris Rock,NULL
s1420,Juliet May,NULL
s1421,Stanley Nelson,NULL
s1422,Olivier Nakache,Éric Toledano
s1423,Prakash Jha,NULL
s1424,Rohan Sippy,NULL
s1425,Ross Venokur,NULL
s1426,NULL,NULL
s1427,Prakash Jha,NULL
s1428,NULL,NULL
s1429,Rohena Gera,NULL
s1430,NULL,NULL
s1431,NULL,NULL
s1432,NULL,NULL
s1433,Maite Ruiz De Austri,NULL
s1434,Jastis Arimba,NULL
s1435,Eric Summer,Éric Warin
s1436,Kornél Mundruczó,NULL
s1437,Alejandro Ruax,Ramiro Martínez
s1438,NULL,NULL
s1439,Florent Bodin,NULL
s1440,NULL,NULL
s1441,NULL,NULL
s1442,Sohail Khan,NULL
s1443,NULL,NULL
s1444,NULL,NULL
s1445,Gabriele Muccino,NULL
s1446,Hallvard Bræin,NULL
s1447,Jeff Tremaine,NULL
s1448,Christian Alvart,NULL
s1449,NULL,NULL
s1450,NULL,NULL
s1451,Robert Townsend,NULL
s1452,Jeff Deverett,NULL
s1453,Ron Krauss,NULL
s1454,Brian Robbins,NULL
s1455,Jeff Stilson,NULL
s1456,NULL,NULL
s1457,Sean Penn,NULL
s1458,NULL,NULL
s1459,Mark McQueen,NULL
s1460,Melanie Mayron,NULL
s1461,NULL,NULL
s1462,Donald Petrie,NULL
s1463,NULL,NULL
s1464,Tony Collingwood,NULL
s1465,Jennifer Beamish,Toby Trackman
s1466,NULL,NULL
s1467,NULL,NULL
s1468,Jaume Collet-Serra,NULL
s1469,Kim Dong-kyu,NULL
s1470,Lasse Hallström,NULL
s1471,Shaz Bennett,NULL
s1472,NULL,NULL
s1473,Samar Shaikh,NULL
s1474,NULL,NULL
s1475,Archie Hekagery,NULL
s1476,Sabrina Rochelle Kalangie,NULL
s1477,NULL,NULL
s1478,NULL,NULL
s1479,NULL,NULL
s1480,Cosima Spender,NULL
s1481,NULL,NULL
s1482,Liao Shih-han,NULL
s1483,NULL,NULL
s1484,NULL,NULL
s1485,Arnon Manor,Timothy Ware-Hill
s1486,Gore Verbinski,NULL
s1487,Al Campbell,Alice Mathias
s1488,NULL,NULL
s1489,Maïwenn,NULL
s1490,NULL,NULL
s1491,Richard Weston,NULL
s1492,Vikramaditya Motwane,NULL
s1493,NULL,NULL
s1494,Prime Cruz,NULL
s1495,Robert Rodriguez,NULL
s1496,Andibachtiar Yusuf,NULL
s1497,Yandy Laurens,NULL
s1498,Cathy Garcia-Molina,NULL
s1499,John Mitchell,Jeremy Kipp Walker
s1500,George Clooney,NULL
s1501,Liu Kuang-hui,NULL
s1502,Roger Kumble,NULL
s1503,Kristian Mercado,NULL
s1504,NULL,NULL
s1505,Daan Jansen,Stijn Verlinde
s1506,NULL,NULL
s1507,NULL,NULL
s1508,Jay Grace,NULL
s1509,NULL,NULL
s1510,Paul Dugdale,NULL
s1511,James Haslam,NULL
s1512,Muhammad Ali,NULL
s1513,Thomas Toby Parkinson,NULL
s1514,John Putch,NULL
s1515,NULL,NULL
s1516,Sam Macaroni,NULL
s1517,NULL,NULL
s1518,George C. Wolfe,NULL
s1519,NULL,NULL
s1520,Yasmin Ahmad,NULL
s1521,Sudha Kongara,Vignesh Shivan
s1522,Yasmin Ahmad,NULL
s1523,Yasmin Ahmad,NULL
s1524,Juan Camilo Pinzon,NULL
s1525,Lin Oeding,NULL
s1526,Naya Anindita,NULL
s1527,Antoinette Jadaone,NULL
s1528,NULL,NULL
s1529,NULL,NULL
s1530,JP Habac,NULL
s1531,Alexx Media,NULL
s1532,Farishad I. Latjuba,NULL
s1533,Andrucha Waddington,Pedro Waddington
s1534,Picky Talarico,NULL
s1535,Jun Lana,NULL
s1536,NULL,NULL
s1537,Brad Peyton,NULL
s1538,Lee Daniels,NULL
s1539,NULL,NULL
s1540,NULL,NULL
s1541,Tom Ford,NULL
s1542,Ellena Wood,Jesse Vile
s1543,Vir Das,NULL
s1544,NULL,NULL
s1545,Miranda de Pencier,NULL
s1546,NULL,NULL
s1547,NULL,NULL
s1548,NULL,NULL
s1549,NULL,NULL
s1550,Farhad Safinia,NULL
s1551,Shaun Paul Piccinino,NULL
s1552,NULL,NULL
s1553,NULL,NULL
s1554,NULL,NULL
s1555,NULL,NULL
s1556,NULL,NULL
s1557,Eddie Rosas,NULL
s1558,Frank E. Abney III,NULL
s1559,James D. Stern,Fernando Villena
s1560,NULL,NULL
s1561,Ryan Murphy,NULL
s1562,Girish Malik,NULL
s1563,NULL,NULL
s1564,Deepa Mehta,NULL
s1565,Lai Chun-yu,NULL
s1566,Theodore Boborol,NULL
s1567,Mae Czarina Cruz,NULL
s1568,Jun Lana,NULL
s1569,Jun Lana,NULL
s1570,NULL,NULL
s1571,NULL,NULL
s1572,Sydney Sibilia,NULL
s1573,NULL,NULL
s1574,NULL,NULL
s1575,NULL,NULL
s1576,Josiah Ng,NULL
s1577,Kirk Wise,NULL
s1578,NULL,NULL
s1579,NULL,NULL
s1580,NULL,NULL
s1581,Beth Sleven,Allan Jacobsen
s1582,Steve Ball,NULL
s1583,John Hillcoat,NULL
s1584,NULL,NULL
s1585,Tate Taylor,NULL
s1586,NULL,NULL
s1587,Jalil Lespert,NULL
s1588,Su I-Hsuan,Chuang Shiang-an
s1589,Clint Butler,NULL
s1590,NULL,NULL
s1591,NULL,NULL
s1592,Erik Kling,Kevin Peaty
s1593,Detlev Buck,NULL
s1594,NULL,NULL
s1595,NULL,NULL
s1596,David Fincher,NULL
s1597,NULL,NULL
s1598,Amanda Raymond,NULL
s1599,Jason Paul Laxamana,NULL
s1600,Marc Fouchard,NULL
s1601,Darragh O'Connell,NULL
s1602,Roberto Santucci,NULL
s1603,Dado C. Lumibao,NULL
s1604,NULL,NULL
s1605,August Jakobsson,NULL
s1606,NULL,NULL
s1607,Anna Wieczur-Bluszcz,NULL
s1608,NULL,NULL
s1609,McG,NULL
s1610,Damien O’Connor,NULL
s1611,Ron Howard,NULL
s1612,NULL,NULL
s1613,Jon Favreau,NULL
s1614,Richard Laxton,NULL
s1615,NULL,NULL
s1616,NULL,NULL
s1617,Gil Kenan,NULL
s1618,Phil Burgers,NULL
s1619,NULL,NULL
s1620,NULL,NULL
s1621,Pierre Morel,NULL
s1622,Simon Wincer,NULL
s1623,NULL,NULL
s1624,NULL,NULL
s1625,Ron Howard,NULL
s1626,NULL,NULL
s1627,Brian Henson,NULL
s1628,NULL,NULL
s1629,NULL,NULL
s1630,Derick Cabrido,NULL
s1631,Marla M. Ancheta,NULL
s1632,Jen McGowan,NULL
s1633,Bernie Denk,NULL
s1634,Brian Skiba,NULL
s1635,NULL,NULL
s1636,Stanley Moore,Alex Woo
s1637,Oliver Bokelberg,NULL
s1638,Ángel Gómez Hernández,NULL
s1639,NULL,NULL
s1640,NULL,NULL
s1641,NULL,NULL
s1642,NULL,NULL
s1643,Ludovico Di Martino,NULL
s1644,Lee Chung-hyun,NULL
s1645,Barry Gonzalez,NULL
s1646,Brian Volk-Weiss,NULL
s1647,Matthew Michael Carnahan,NULL
s1648,Cathy Garcia-Molina,NULL
s1649,Eric Bress,NULL
s1650,NULL,NULL
s1651,Paul Dugdale,NULL
s1652,Chris Columbus,NULL
s1653,V Vignarajan,NULL
s1654,V Vignarajan,NULL
s1655,BB Sasore,NULL
s1656,Greg Rankin,TJ Sullivan
s1657,Ron Howard,NULL
s1658,Carlos Sorín,NULL
s1659,NULL,NULL
s1660,Matt Eskandari,NULL
s1661,Grant Singer,NULL
s1662,NULL,NULL
s1663,Mohammad Adel,NULL
s1664,Debbie Allen,NULL
s1665,Robert Rodriguez,NULL
s1666,Victor Gatonye,NULL
s1667,Stephen Chiodo,NULL
s1668,NULL,NULL
s1669,NULL,NULL
s1670,Will McCormack,Michael Govier
s1671,NULL,NULL
s1672,Monica Floyd,NULL
s1673,NULL,NULL
s1674,Anurag Kashyap,NULL
s1675,Siddique,NULL
s1676,Danish Aslam,NULL
s1677,Vibhu Virender Puri,NULL
s1678,Cathy Garcia-Molina,NULL
s1679,Anurag Kashyap,NULL
s1680,Rohit Shetty,NULL
s1681,Ribhu Dasgupta,NULL
s1682,Mike Rohl,NULL
s1683,Cathy Garcia-Molina,NULL
s1684,Shyam Benegal,NULL
s1685,NULL,NULL
s1686,Takeshi Fukunaga,NULL
s1687,Leslie Small,NULL
s1688,NULL,NULL
s1689,NULL,NULL
s1690,Jeff Nichols,NULL
s1691,Sabaah Folayan,Damon Davis
s1692,Justin G. Dyck,NULL
s1693,NULL,NULL
s1694,NULL,NULL
s1695,Cody Cameron,Kris Pearn
s1696,Justin G. Dyck,NULL
s1697,NULL,NULL
s1698,NULL,NULL
s1699,NULL,NULL
s1700,Michael Curtiz,NULL
s1701,Damián Romay,NULL
s1702,NULL,NULL
s1703,Avinash Walzade,NULL
s1704,David E. Talbert,NULL
s1705,Renata Terra,NULL
s1706,Edoardo Ponti,NULL
s1707,Mateo Gil,NULL
s1708,Cathy Garcia-Molina,NULL
s1709,NULL,NULL
s1710,Paul Soriano,NULL
s1711,Ryan Coogler,NULL
s1712,NULL,NULL
s1713,Anurag Basu,NULL
s1714,Lucas Santa Ana,NULL
s1715,Nelson McCormick,NULL
s1716,Carla Barros,NULL
s1717,NULL,NULL
s1718,NULL,NULL
s1719,NULL,NULL
s1720,NULL,NULL
s1721,Ulrike Kofler,NULL
s1722,Steven Bognar,Julia Reichert
s1723,NULL,NULL
s1724,NULL,NULL
s1725,NULL,NULL
s1726,Kunle Afolayan,NULL
s1727,NULL,NULL
s1728,Weica Wang,NULL
s1729,Aitor Arregi,Jon Garaño
s1730,Kevin Pollak,NULL
s1731,NULL,NULL
s1732,Otoja Abit,NULL
s1733,Antoinette Jadaone,NULL
s1734,Alejandro Hartmann,NULL
s1735,Maxwell McGuire,NULL
s1736,Ruel S. Bayani,NULL
s1737,Martin Wood,NULL
s1738,NULL,NULL
s1739,NULL,NULL
s1740,Justin G. Dyck,NULL
s1741,NULL,NULL
s1742,Narendra Nath,NULL
s1743,Jan-Peter Horns,NULL
s1744,Tatsushi Omori,NULL
s1745,Estela Renner,NULL
s1746,NULL,NULL
s1747,NULL,NULL
s1748,Zeek Earl,Christopher Caldwell
s1749,NULL,NULL
s1750,Michael Kampa,NULL
s1751,NULL,NULL
s1752,Chanda Bell,NULL
s1753,Chanda Bell,NULL
s1754,Jennifer Westcott,NULL
s1755,NULL,NULL
s1756,NULL,NULL
s1757,NULL,NULL
s1758,NULL,NULL
s1759,NULL,NULL
s1760,NULL,NULL
s1761,NULL,NULL
s1762,Richard Greenberg,NULL
s1763,Peter Berg,NULL
s1764,Nicolas Pesce,NULL
s1765,Oliver Stone,NULL
s1766,NULL,NULL
s1767,NULL,NULL
s1768,J.A. Bayona,NULL
s1769,Christopher Cain,NULL
s1770,NULL,NULL
s1771,Shaun Paul Piccinino,NULL
s1772,Juliana Vicente,NULL
s1773,Harald Zwart,NULL
s1774,NULL,NULL
s1775,Stacia Crawford,NULL
s1776,Remi Weekes,NULL
s1777,Tope Oshin,NULL
s1778,Terrie Samundra,NULL
s1779,NULL,NULL
s1780,NULL,NULL
s1781,Olivier Marchal,NULL
s1782,NULL,NULL
s1783,NULL,NULL
s1784,Santiago Alvarado Ilarri,NULL
s1785,Frasco Mortiz,NULL
s1786,John Whitesell,NULL
s1787,Antonio Díaz,NULL
s1788,Nimród Antal,NULL
s1789,Bartosz M. Kowalski,NULL
s1790,James Tovell,NULL
s1791,NULL,NULL
s1792,NULL,NULL
s1793,Matías Gueilburt,NULL
s1794,Natasha Lyonne,NULL
s1795,Chang Chin-jung,Chen Rong-hui
s1796,Rajkumar Santoshi,NULL
s1797,Lance Daly,NULL
s1798,Unjoo Moon,NULL
s1799,Gil Baroni,NULL
s1800,NULL,NULL
s1801,Thierry Demaizière,Alban Teurlai
s1802,Glen Keane,NULL
s1803,Chris Sivertson,NULL
s1804,NULL,NULL
s1805,NULL,NULL
s1806,Kief Davidson,Pedro Kos
s1807,Jarand Herdal,NULL
s1808,Dan Villegas,NULL
s1809,Chris Foggin,NULL
s1810,Cathy Garcia-Molina,NULL
s1811,Kim Nguyen,NULL
s1812,Karen Maine,NULL
s1813,Tim Neeves,NULL
s1814,NULL,NULL
s1815,Ben Wheatley,NULL
s1816,Richard Weston,NULL
s1817,Don Michael Paul,NULL
s1818,Maroun Baghdadi,NULL
s1819,Philippe Aractingi,NULL
s1820,Amin Dora,NULL
s1821,Philippe Aractingi,NULL
s1822,Philippe Aractingi,NULL
s1823,Maroun Baghdadi,NULL
s1824,Rana Eid,NULL
s1825,Daniel Joseph,NULL
s1826,Randa Chahal Sabbag,NULL
s1827,Maroun Baghdadi,NULL
s1828,Philippe Aractingi,NULL
s1829,NULL,NULL
s1830,Ziad Doueiri,NULL
s1831,Shady Hanna,NULL
s1832,Maroun Baghdadi,NULL
s1833,Josef Fares,NULL
s1834,Sam Fell,Chris Butler
s1835,NULL,NULL
s1836,Ross Boyask,NULL
s1837,David 'Tosh' Gitonga,Michael Jones
s1838,NULL,NULL
s1839,Ti West,NULL
s1840,NULL,NULL
s1841,Manolo Caro,NULL
s1842,NULL,NULL
s1843,Aaron Sorkin,NULL
s1844,Levan Gabriadze,NULL
s1845,Rachel Talalay,NULL
s1846,Sam Liu,NULL
s1847,Peter Mimi,NULL
s1848,NULL,NULL
s1849,NULL,NULL
s1850,Hanung Bramantyo,NULL
s1851,Lasja Fauzia Susatyo,NULL
s1852,NULL,NULL
s1853,NULL,NULL
s1854,Pavitra Chalam,Akshay Shankar
s1855,NULL,NULL
s1856,Kevin Ko,Peter Tsi
s1857,Caroline Suh,NULL
s1858,Carlos Pérez Osorio,NULL
s1859,Ken Ghosh,NULL
s1860,Blair Simmons,NULL
s1861,NULL,NULL
s1862,Indra Kumar,NULL
s1863,B. Subhash,NULL
s1864,Harshavardhan Kulkarni,NULL
s1865,NULL,NULL
s1866,Neeraj Vora,NULL
s1867,Rajkumar Santoshi,NULL
s1868,Alex Merkin,NULL
s1869,NULL,NULL
s1870,Puneet Khanna,NULL
s1871,Meltem Bozoflu,NULL
s1872,NULL,NULL
s1873,Radha Blank,NULL
s1874,NULL,NULL
s1875,Bigflo & Oli,Jérémie Levypon
s1876,NULL,NULL
s1877,Eduardo Pinto,NULL
s1878,NULL,NULL
s1879,NULL,NULL
s1880,Steve Brill,NULL
s1881,Pavel Kostomarov,NULL
s1882,Mike Elliott,NULL
s1883,Francis Whately,NULL
s1884,Jon Izen,NULL
s1885,Christopher Nolen,NULL
s1886,NULL,NULL
s1887,Alastair Fothergill,Jonnie Hughes
s1888,Amy Segal,NULL
s1889,Umut Aral,NULL
s1890,NULL,NULL
s1891,NULL,NULL
s1892,Umut Kirca,NULL
s1893,Alex Woo,Stanley Moore
s1894,NULL,NULL
s1895,NULL,NULL
s1896,NULL,NULL
s1897,Kenneth Gyang,NULL
s1898,Sudhir Mishra,NULL
s1899,Domenico de Feudis,NULL
s1900,Burak Aksak,NULL
s1901,Oz Rodriguez,NULL
s1902,Salvador Espinosa,NULL
s1903,Adrian Teh,NULL
s1904,Brad Silberling,NULL
s1905,Elsa Flores Almaraz,Richard J Montoya
s1906,Carey McKenzie,NULL
s1907,NULL,NULL
s1908,NULL,NULL
s1909,NULL,NULL
s1910,Gary Ross,NULL
s1911,NULL,NULL
s1912,Adam Bolt,NULL
s1913,Taika Waititi,NULL
s1914,Lindsey Cordero,Armando Croda
s1915,NULL,NULL
s1916,NULL,NULL
s1917,David LaChapelle,NULL
s1918,NULL,NULL
s1919,NULL,NULL
s1920,Mostafa Abu Seif,NULL
s1921,Faris Godus,NULL
s1922,Rod Lurie,NULL
s1923,NULL,NULL
s1924,NULL,NULL
s1925,Stacie Passon,NULL
s1926,NULL,NULL
s1927,Jenny Popplewell,NULL
s1928,Florian Schott,NULL
s1929,NULL,NULL
s1930,NULL,NULL
s1931,Tom Whitworth,NULL
s1932,Joe Mantello,NULL
s1933,NULL,NULL
s1934,NULL,NULL
s1935,Lee Hirsch,NULL
s1936,Page Hurwitz,NULL
s1937,Dallas Jackson,NULL
s1938,Lee Hirsch,NULL
s1939,Rajat Kapoor,NULL
s1940,Abhishek Chaubey,NULL
s1941,Rohit Shetty,NULL
s1942,Ken Ghosh,NULL
s1943,Abhishek Chaubey,NULL
s1944,Imtiaz Ali,NULL
s1945,Indra Kumar,NULL
s1946,Navdeep Singh,NULL
s1947,Anees Bazmee,NULL
s1948,NULL,NULL
s1949,NULL,NULL
s1950,NULL,NULL
s1951,Rikhil Bahadur,NULL
s1952,NULL,NULL
s1953,NULL,NULL
s1954,Ozan Açiktan,NULL
s1955,NULL,NULL
s1956,NULL,NULL
s1957,NULL,NULL
s1958,Shawn Levy,NULL
s1959,NULL,NULL
s1960,Harry Bradbeer,NULL
s1961,Joshua Tickell,Rebecca Harrell Tickell
s1962,NULL,NULL
s1963,Sophia Nahli Allison,NULL
s1964,Norihisa Hiranuma,NULL
s1965,Shigeaki Kubo,NULL
s1966,Shigeaki Kubo,Tsuyoshi Nakakuki
s1967,Shigeaki Kubo,Tsuyoshi Nakakuki
s1968,Yudai Yamaguchi,NULL
s1969,Shigeaki Kubo,NULL
s1970,Shigeaki Kubo,NULL
s1971,Marwan Hamed,NULL
s1972,Smeep Kang,NULL
s1973,Raja Chanda,NULL
s1974,NULL,NULL
s1975,Tigmanshu Dhulia,NULL
s1976,Akashdeep,NULL
s1977,Rajesh Ganguly,NULL
s1978,Alankrita Shrivastava,NULL
s1979,NULL,NULL
s1980,NULL,NULL
s1981,NULL,NULL
s1982,Chandra Liow,NULL
s1983,Sekhar Kammula,NULL
s1984,NULL,NULL
s1985,Florent Bodin,NULL
s1986,Gary Andrews,NULL
s1987,Sekhar Kammula,NULL
s1988,Merawi Gerima,NULL
s1989,NULL,NULL
s1990,NULL,NULL
s1991,NULL,NULL
s1992,NULL,NULL
s1993,Kubhaer T. Jethwani,NULL
s1994,NULL,NULL
s1995,NULL,NULL
s1996,Antonio Campos,NULL
s1997,Carles Torras,NULL
s1998,James Watkins,NULL
s1999,Philippa Lowthorpe,NULL
s2000,Pailin Wedel,NULL
s2001,Chris Howe,NULL
s2002,Peter Sollett,NULL
s2003,NULL,NULL
s2004,Raja Gosnell,NULL
s2005,Steve Bencich,NULL
s2006,Tosin Coker,NULL
s2007,NULL,NULL
s2008,Javier Colinas,NULL
s2009,NULL,NULL
s2010,NULL,NULL
s2011,Dean DeBlois,NULL
s2012,Reinhard Klooss,NULL
s2013,NULL,NULL
s2014,NULL,NULL
s2015,Shaun Mir,NULL
s2016,Satish Rajwade,NULL
s2017,Abhijeet Deshpande,NULL
s2018,Mahesh Manjrekar,NULL
s2019,Mahesh Manjrekar,NULL
s2020,Prakash Kunte,NULL
s2021,Manish Saini,NULL
s2022,NULL,NULL
s2023,Kenny Ortega,NULL
s2024,Makarand Mane,NULL
s2025,Hakan Algül,NULL
s2026,Vijay Maurya,NULL
s2027,Sameer Patil,NULL
s2028,Kenzo Maihara,Amandha Wyanto
s2029,Ahmed Nader Galal,NULL
s2030,McG,NULL
s2031,Arati Kadav,NULL
s2032,Maïmouna Doucouré,NULL
s2033,NULL,NULL
s2034,Pepe Mora,NULL
s2035,Marcos Carnevale,NULL
s2036,Jeff Orlowski,NULL
s2037,Cho Il,NULL
s2038,NULL,NULL
s2039,Pippa Ehrlich,James Reed
s2040,Tolga Karaçelik,NULL
s2041,NULL,NULL
s2042,Davis Guggenheim,NULL
s2043,NULL,NULL
s2044,Philip Barantini,NULL
s2045,NULL,NULL
s2046,Charlie Kaufman,NULL
s2047,Jayan Moodley,NULL
s2048,NULL,NULL
s2049,Abba T. Makama,NULL
s2050,Antoinette Jadaone,NULL
s2051,Junior Carelli,Rudge Campos
s2052,Ertanto Robby Soediskam,NULL
s2053,Mark Steven Johnson,NULL
s2054,NULL,NULL
s2055,NULL,NULL
s2056,Felix Binder,NULL
s2057,Thor Freudenthal,NULL
s2058,Nguyen Thanh Tung,NULL
s2059,NULL,NULL
s2060,Baltasar Kormákur,NULL
s2061,Dan Villegas,NULL
s2062,Conrad Helten,NULL
s2063,NULL,NULL
s2064,NULL,NULL
s2065,NULL,NULL
s2066,Ayumu Watanabe,NULL
s2067,NULL,NULL
s2068,Hitoshi Namba,NULL
s2069,NULL,NULL
s2070,NULL,NULL
s2071,NULL,NULL
s2072,Chris Miller,NULL
s2073,Sean Anders,NULL
s2074,NULL,NULL
s2075,Abbas Mustan,NULL
s2076,Duncan McMath,NULL
s2077,Dan Forgione,Pete Jacobs
s2078,Francesco Carnesecchi,NULL
s2079,NULL,NULL
s2080,Raja Gosnell,NULL
s2081,Greg Tiernan,NULL
s2082,Mark Thornton,Todd Kauffman
s2083,Shamzu Zayba,NULL
s2084,Jesse V. Johnson,NULL
s2085,Brett Haley,NULL
s2086,NULL,NULL
s2087,NULL,NULL
s2088,Chris Roland,Maradona Dias Dos Santos
s2089,David Galán Galindo,NULL
s2090,NULL,NULL
s2091,David Moreton,NULL
s2092,Lester Hsi,NULL
s2093,Cyrus Nowrasteh,NULL
s2094,NULL,NULL
s2095,Isabel Sandoval,NULL
s2096,Nathan Wiley,NULL
s2097,NULL,NULL
s2098,NULL,NULL
s2099,NULL,NULL
s2100,NULL,NULL
s2101,Wayne Blair,NULL
s2102,NULL,NULL
s2103,NULL,NULL
s2104,Atul Sabharwal,NULL
s2105,Bernardo Arellano,NULL
s2106,NULL,NULL
s2107,NULL,NULL
s2108,Trish Sie,NULL
s2109,Hong Won-ki,NULL
s2110,NULL,NULL
s2111,Khaled Marei,NULL
s2112,Sebastián Schindel,NULL
s2113,NULL,NULL
s2114,NULL,NULL
s2115,Prakash Satam,NULL
s2116,Fred Wolf,NULL
s2117,Niyi Akinmolayan,NULL
s2118,Sammaria Sari Simanjuntak,NULL
s2119,NULL,NULL
s2120,Chairun Nissa,NULL
s2121,Tom Hooper,NULL
s2122,Sergei Bodrov,NULL
s2123,NULL,NULL
s2124,NULL,NULL
s2125,NULL,NULL
s2126,NULL,NULL
s2127,Ashutosh Gowariker,NULL
s2128,NULL,NULL
s2129,Anna Stone,NULL
s2130,Cory Edwards,NULL
s2131,Faraday Okoro,NULL
s2132,Blair Simmons,NULL
s2133,Henry Joost,Ariel Schulman
s2134,NULL,NULL
s2135,NULL,NULL
s2136,NULL,NULL
s2137,NULL,NULL
s2138,Rebecca Zlotowski,NULL
s2139,Antonio Campos,NULL
s2140,Antonio Campos,NULL
s2141,NULL,NULL
s2142,Sharan Sharma,NULL
s2143,Rob Minkoff,NULL
s2144,Tyler Spindel,NULL
s2145,NULL,NULL
s2146,NULL,NULL
s2147,Vicky Wight,NULL
s2148,Kunle Afolayan,NULL
s2149,NULL,NULL
s2150,Marc Meyers,NULL
s2151,Franziska Meyer Price,NULL
s2152,NULL,NULL
s2153,NULL,NULL
s2154,NULL,NULL
s2155,Steven Rinella,NULL
s2156,Richard Weston,NULL
s2157,NULL,NULL
s2158,NULL,NULL
s2159,NULL,NULL
s2160,Laura Terruso,NULL
s2161,NULL,NULL
s2162,Martín Sastre,NULL
s2163,NULL,NULL
s2164,Franck Nataf,NULL
s2165,Pascal Amanfo,NULL
s2166,NULL,NULL
s2167,Stanley Moore,Alex Woo
s2168,Savage Steve Holland,NULL
s2169,NULL,NULL
s2170,Kristian Mercado,NULL
s2171,NULL,NULL
s2172,Mike Doyle,NULL
s2173,Darren Grant,NULL
s2174,NULL,NULL
s2175,NULL,NULL
s2176,NULL,NULL
s2177,Mike Gunther,NULL
s2178,Steve Ball,NULL
s2179,NULL,NULL
s2180,Joseph Ruben,NULL
s2181,NULL,NULL
s2182,NULL,NULL
s2183,Mfanelo Ngoma,NULL
s2184,Colin Minihan,NULL
s2185,NULL,NULL
s2186,Regina Welker,Nina Wels
s2187,Honey Trehan,NULL
s2188,Katleho Ramaphakela,Rethabile Ramaphakela
s2189,Ariel Boles,NULL
s2190,NULL,NULL
s2191,NULL,NULL
s2192,Álvaro Delgado-Aparicio L.,NULL
s2193,NULL,NULL
s2194,Venkatesh Maha,NULL
s2195,Nopparoj Chotmunkongsit,NULL
s2196,Aniedi Anwah,NULL
s2197,Mickey Fonseca,NULL
s2198,Matias Mariani,NULL
s2199,Jan Komasa,NULL
s2200,Sue Kim,NULL
s2201,Paul Solet,NULL
s2202,NULL,NULL
s2203,Ben Kasulke,NULL
s2204,NULL,NULL
s2205,Gagan Puri,NULL
s2206,Teddy Chan,NULL
s2207,Bhavin Wadia,NULL
s2208,Tony Bancroft,Scott Christian Sava
s2209,Greg Rankin,TJ Sullivan
s2210,Tope Alake,NULL
s2211,Fernando González Molina,NULL
s2212,Yuki Tanada,NULL
s2213,NULL,NULL
s2214,Vince Marcello,NULL
s2215,Alex Gibney,NULL
s2216,Ahn Byoung-wook,NULL
s2217,Sibusiso Khuzwayo,NULL
s2218,NULL,NULL
s2219,NULL,NULL
s2220,Lisa Cortés,Farah X
s2221,Wilson Yip,NULL
s2222,Dave Skinner,Freddie Waters
s2223,NULL,NULL
s2224,NULL,NULL
s2225,Denis Do,NULL
s2226,NULL,NULL
s2227,NULL,NULL
s2228,NULL,NULL
s2229,Leslye Davis,Catrin Einhorn
s2230,NULL,NULL
s2231,NULL,NULL
s2232,Toka McBaror,Tunde Apalowo
s2233,Peter Sullivan,NULL
s2234,Axelle Laffont,NULL
s2235,Moses Inwang,NULL
s2236,NULL,NULL
s2237,NULL,NULL
s2238,NULL,NULL
s2239,NULL,NULL
s2240,Daniel Oriahi,NULL
s2241,Stefano Mordini,NULL
s2242,NULL,NULL
s2243,Hayden Guppy,NULL
s2244,Stéphane de Freitas,NULL
s2245,André Odendaal,Johan Vorster
s2246,Cassia Dian,NULL
s2247,NULL,NULL
s2248,Amro Salah,NULL
s2249,Sue Ding,NULL
s2250,NULL,NULL
s2251,Gina Prince-Bythewood,NULL
s2252,Wouter Bouvijn,NULL
s2253,Funke Akindele,NULL
s2254,NULL,NULL
s2255,NULL,NULL
s2256,NULL,NULL
s2257,Bryn Evans,NULL
s2258,Cristina Costantini,Kareem Tabsch
s2259,NULL,NULL
s2260,Hannah Fidell,NULL
s2261,Chris Renaud,Kyle Balda
s2262,Scott Zabielski,NULL
s2263,Coodie,Chike
s2264,QLF,NULL
s2265,Sachin Kundalkar,NULL
s2266,Puri Jagannadh,NULL
s2267,Vishal Mahadkar,NULL
s2268,Anurag Kashyap,Dibakar Banerjee
s2269,Anthony D'Souza,NULL
s2270,Soumendra Padhi,NULL
s2271,David Dhawan,NULL
s2272,Fuwad Khan,NULL
s2273,Nishikant Kamat,NULL
s2274,Krish,NULL
s2275,Kabir Sadanand,NULL
s2276,Rachit Kusonkoonsiri,NULL
s2277,Sudhir Mishra,NULL
s2278,Shoojit Sircar,NULL
s2279,Omung Kumar,NULL
s2280,Ribhu Dasgupta,NULL
s2281,Satish Rajwade,NULL
s2282,Umesh Shukla,NULL
s2283,Devika Bhagat,NULL
s2284,Takashi Doscher,NULL
s2285,Shubham Singh,NULL
s2286,Abbas Alibhai Burmawalla,Mastan Alibhai Burmawalla
s2287,Luv Ranjan,NULL
s2288,Vikas Bahl,NULL
s2289,Bejoy Nambiar,NULL
s2290,Neeraj Pandey,NULL
s2291,Aanand Rai,NULL
s2292,Gurmmeet Singh,NULL
s2293,NULL,NULL
s2294,NULL,NULL
s2295,LP,NULL
s2296,Rako Prijanto,NULL
s2297,Raoul Peck,NULL
s2298,NULL,NULL
s2299,NULL,NULL
s2300,NULL,NULL
s2301,Shirley Frimpong-Manso,NULL
s2302,NULL,NULL
s2303,Fabio Ock,Joana Mazzucchelli
s2304,NULL,NULL
s2305,Sabina Fedeli,Anna Migotto
s2306,NULL,NULL
s2307,NULL,NULL
s2308,Kyran Kelly,NULL
s2309,Salvador Calvo,NULL
s2310,Cem Yilmaz,NULL
s2311,Barry Avrich,NULL
s2312,Bruce Beresford,NULL
s2313,Cem Yilmaz,NULL
s2314,NULL,NULL
s2315,Matthew Vaughn,NULL
s2316,Michael Duggan,NULL
s2317,Almudena Carracedo,Robert Bahar
s2318,Paul Verhoeven,NULL
s2319,NULL,NULL
s2320,Younuts!,NULL
s2321,NULL,NULL
s2322,Troy Miller,NULL
s2323,NULL,NULL
s2324,Obi Emelonye,NULL
s2325,Rako Prijanto,NULL
s2326,Daniel Effiong,NULL
s2327,Abhijit Panse,NULL
s2328,NULL,NULL
s2329,Rachel Griffiths,NULL
s2330,NULL,NULL
s2331,David Dobkin,NULL
s2332,NULL,NULL
s2333,Oluseyi Asurf,NULL
s2334,Eduardo Roy Jr.,NULL
s2335,NULL,NULL
s2336,NULL,NULL
s2337,Abhijit Panse,NULL
s2338,NULL,NULL
s2339,Ravikanth Perepu,NULL
s2340,Sooraj R. Barjatya,NULL
s2341,Sooraj R. Barjatya,NULL
s2342,Bonni Cohen,Jon Shenk
s2343,Anvita Dutt,NULL
s2344,NULL,NULL
s2345,Gaspar Antillo,NULL
s2346,Eric Notarnicola,NULL
s2347,NULL,NULL
s2348,Musthafa,NULL
s2349,Ishaya Bako,NULL
s2350,NULL,NULL
s2351,Kate Mulleavy,Laura Mulleavy
s2352,Akhigbe Ilozobhie,NULL
s2353,NULL,NULL
s2354,Apurva Dhar Badgaiyann,NULL
s2355,Youssef Chahine,NULL
s2356,NULL,NULL
s2357,Elissa Down,NULL
s2358,NULL,NULL
s2359,Guillaume Pierret,NULL
s2360,NULL,NULL
s2361,Ozan Açiktan,NULL
s2362,Youssef Chahine,NULL
s2363,NULL,NULL
s2364,Olivier Assayas,NULL
s2365,Junichi Sato,Tomotaka Shibayama
s2366,Youssef Chahine,NULL
s2367,Youssef Chahine,NULL
s2368,Youssef Chahine,NULL
s2369,Youssef Chahine,NULL
s2370,Youssef Chahine,NULL
s2371,Pablo Aulita,NULL
s2372,Eduardo Roy Jr.,NULL
s2373,Manatsanun Phanlerdwongsakul,NULL
s2374,Youssef Chahine,NULL
s2375,Georges Hachem,NULL
s2376,Youssef Chahine,NULL
s2377,Youssef Chahine,NULL
s2378,Peter Lepeniotis,NULL
s2379,NULL,NULL
s2380,Jim Hosking,NULL
s2381,Paco Aguilar,NULL
s2382,Obi Emelonye,NULL
s2383,Greg McLean,NULL
s2384,NULL,NULL
s2385,NULL,NULL
s2386,Juan José Campanella,NULL
s2387,Adrian Teh,NULL
s2388,Ishaya Bako,NULL
s2389,NULL,NULL
s2390,A. Raajdheep,NULL
s2391,NULL,NULL
s2392,Fajar Bustomi,Pidi Baiq
s2393,Nicholas Kharkongor,NULL
s2394,Spike Lee,NULL
s2395,NULL,NULL
s2396,NULL,NULL
s2397,NULL,NULL
s2398,Michael McKay,NULL
s2399,Kitaro Kosaka,NULL
s2400,NULL,NULL
s2401,NULL,NULL
s2402,NULL,NULL
s2403,Ali F. Mostafa,NULL
s2404,Ayman Makram,NULL
s2405,NULL,NULL
s2406,Rob Seidenglanz,NULL
s2407,NULL,NULL
s2408,George Gallo,NULL
s2409,NULL,NULL
s2410,NULL,NULL
s2411,Park Hoon-jung,NULL
s2412,Ry Russo-Young,NULL
s2413,Barbara Bialowas,Tomasz Mandes
s2414,Akhil Paul,Anas Khan
s2415,Kanika Batra,NULL
s2416,NULL,NULL
s2417,Michael Cristofer,NULL
s2418,NULL,NULL
s2419,Mohamed Khan,NULL
s2420,Adriana Trigiani,NULL
s2421,Anurag Kashyap,NULL
s2422,Moses Inwang,NULL
s2423,NULL,NULL
s2424,Phil Sgriccia,NULL
s2425,Olivier Megaton,NULL
s2426,NULL,NULL
s2427,NULL,NULL
s2428,Andaç Haznedaroglu,NULL
s2429,Murat Kepez,NULL
s2430,Ahmed Nader Galal,NULL
s2431,Greta Gerwig,NULL
s2432,Sam Rega,NULL
s2433,NULL,NULL
s2434,Wael Ehsan,NULL
s2435,Inas El-Degheidy,NULL
s2436,Wael Ehsan,NULL
s2437,Ahmed Al-Badry,NULL
s2438,Sameh Abdulaziz,NULL
s2439,Khaled Marei,NULL
s2440,Wael Ihsan,NULL
s2441,NULL,NULL
s2442,Izidore K. Musallam,NULL
s2443,Sherif Arafa,NULL
s2444,Yasir Al Yasiri,NULL
s2445,NULL,NULL
s2446,Safdar Rahman,NULL
s2447,Tomas Brickhill,NULL
s2448,NULL,NULL
s2449,Hani Al-Shaibani,NULL
s2450,NULL,NULL
s2451,NULL,NULL
s2452,Mamoru Hosoda,NULL
s2453,NULL,NULL
s2454,NULL,NULL
s2455,James Franco,NULL
s2456,Niall Johnson,NULL
s2457,Michael Damian,NULL
s2458,Ahmed Zain,NULL
s2459,Angshuman Ghosh,NULL
s2460,NULL,NULL
s2461,Youssef Chahine,NULL
s2462,NULL,NULL
s2463,NULL,NULL
s2464,Ahmed Zein,NULL
s2465,Ahmed Zein,NULL
s2466,Alejandro Montiel,NULL
s2467,NULL,NULL
s2468,Fernando Frías de la Parra,NULL
s2469,Madeleine Parry,NULL
s2470,Yu Yang,NULL
s2471,Jesse Warn,NULL
s2472,Josh Safdie,Benny Safdie
s2473,NULL,NULL
s2474,NULL,NULL
s2475,Angga Dwimas Sasongko,NULL
s2476,Rano Karno,NULL
s2477,NULL,NULL
s2478,Ramsey Nouah,NULL
s2479,Hiromasa Yonebayashi,Yoshiyuki Momose
s2480,Michael Showalter,NULL
s2481,Norm Hiscock,Gary Howsam
s2482,Rako Prijanto,NULL
s2483,Almunsif Alsuwaisi,NULL
s2484,Fouad Al Shatti,NULL
s2485,Fouad El-Mohandes,NULL
s2486,Andrés Feddersen,NULL
s2487,NULL,NULL
s2488,Samir Al Asfory,NULL
s2489,Hussein Kamal,NULL
s2490,Hussein Kamal,NULL
s2491,Hassan AbdulSalam,NULL
s2492,Houssam El-Din Mustafa,NULL
s2493,Muhammad Fadl,Hany Motawie
s2494,Lonzo Nzekwe,NULL
s2495,Alex Timbers,Sam Wrench
s2496,NULL,NULL
s2497,Rebecca Johnson,NULL
s2498,Ava DuVernay,NULL
s2499,Carlos Morett,NULL
s2500,NULL,NULL
s2501,Megha Ramaswamy,NULL
s2502,Saeed Hamed,NULL
s2503,Sherif Arafa,NULL
s2504,Ahmed Al-Badry,NULL
s2505,Ali Ragab,NULL
s2506,Ahmad El-Badri,NULL
s2507,Ahmad El-Badri,NULL
s2508,Marcus Raboy,NULL
s2509,NULL,NULL
s2510,Wael Ehsan,NULL
s2511,Ali Ragab,NULL
s2512,Haifaa Al-Mansour,NULL
s2513,Wael Ihsan,NULL
s2514,Ekene Som Mekwunye,NULL
s2515,NULL,NULL
s2516,NULL,NULL
s2517,Mohammed Alhmly,NULL
s2518,NULL,NULL
s2519,NULL,NULL
s2520,NULL,NULL
s2521,Lucien Bourjeily,NULL
s2522,Laura Mañá,NULL
s2523,Ziad Doueiri,NULL
s2524,NULL,NULL
s2525,NULL,NULL
s2526,NULL,NULL
s2527,NULL,NULL
s2528,Sivaroj Kongsakul,NULL
s2529,NULL,NULL
s2530,NULL,NULL
s2531,NULL,NULL
s2532,Fajar Bustomi,Pidi Baiq
s2533,Fajar Bustomi,Pidi Baiq
s2534,Salmeen AlMurry Amer,NULL
s2535,Mohit Suri,NULL
s2536,Obaid Alhmoudi,NULL
s2537,Julián Hernández,NULL
s2538,Adekunle Nodash Adejuyigbe,NULL
s2539,Sadeq Behbehani,NULL
s2540,Dylan Mohan Gray,NULL
s2541,Tyler Spindel,NULL
s2542,Hussein El Ansary,NULL
s2543,NULL,NULL
s2544,Claire Scanlon,NULL
s2545,Vipul Amrutlal Shah,NULL
s2546,Rajkumar Santoshi,NULL
s2547,NULL,NULL
s2548,Donick Cary,NULL
s2549,NULL,NULL
s2550,Will Forbes,NULL
s2551,Francesco Amato,NULL
s2552,NULL,NULL
s2553,NULL,NULL
s2554,Damien Chazelle,Houda Benyamina
s2555,NULL,NULL
s2556,S.A. Zaidi,NULL
s2557,Hamad AlSarraf,NULL
s2558,He Xiaofeng,NULL
s2559,Rano Karno,NULL
s2560,Nadia Hallgren,NULL
s2561,Pedro Flores Maldonado,NULL
s2562,Joe DeMaio,NULL
s2563,Aaron Woodley,NULL
s2564,Lucas Margutti,NULL
s2565,Ashok Nanda,NULL
s2566,Hernán Guerschuny,NULL
s2567,Alex Ranarivelo,NULL
s2568,Fernando Ayllón,NULL
s2569,NULL,NULL
s2570,NULL,NULL
s2571,Shaun Paul Piccinino,NULL
s2572,Seth Barrish,NULL
s2573,Shaun Paul Piccinino,NULL
s2574,Brett Hedlund,NULL
s2575,NULL,NULL
s2576,NULL,NULL
s2577,Joe Robert Cole,NULL
s2578,Michelle Esrick,NULL
s2579,Olivier Abbou,NULL
s2580,Alex Woo,Stanley Moore
s2581,NULL,NULL
s2582,Jeffrey Schwarz,NULL
s2583,Eric Darnell,Tom McGrath
s2584,NULL,NULL
s2585,Craig Freimond,NULL
s2586,NULL,NULL
s2587,NULL,NULL
s2588,Shirish Kunder,NULL
s2589,NULL,NULL
s2590,Mysskin,NULL
s2591,NULL,NULL
s2592,Alice Wu,NULL
s2593,Bobby Farrelly,Peter Farrelly
s2594,Joey So,NULL
s2595,Joey So,NULL
s2596,Joey So,NULL
s2597,Dennie Gordon,NULL
s2598,Michael M. Scott,NULL
s2599,NULL,NULL
s2600,NULL,NULL
s2601,NULL,NULL
s2602,Bruno Garotti,NULL
s2603,Sion Sono,NULL
s2604,David Chuang,Chen Kuan-chung
s2605,Chris Bolan,NULL
s2606,Yilmaz Erdogan,NULL
s2607,NULL,NULL
s2608,Omoni Oboli,NULL
s2609,NULL,NULL
s2610,NULL,NULL
s2611,Saravana Rajan,NULL
s2612,NULL,NULL
s2613,Muharrem Gülmez,Sirri Süreyya Önder
s2614,Sermiyan Midyat,NULL
s2615,Ahmed Yousry,Hazem Fouda
s2616,Handan Ipekçi,NULL
s2617,Kivanç Baruönü,NULL
s2618,Ferzan Özpetek,NULL
s2619,Bedran Güzel,NULL
s2620,Ashraf Fayeq,NULL
s2621,Yilmaz Erdogan,NULL
s2622,Yilmaz Erdogan,NULL
s2623,Paul Munger,NULL
s2624,Ahmed Nader Galal,NULL
s2625,Matei Dima,NULL
s2626,Imtiaz Ali,NULL
s2627,Jonathan Augustin,NULL
s2628,NULL,NULL
s2629,NULL,NULL
s2630,Venky Kudumula,NULL
s2631,Khaled Marei,NULL
s2632,NULL,NULL
s2633,Martin Scorsese,NULL
s2634,Amr Arafa,NULL
s2635,Michel Hazanavicius,NULL
s2636,Ahmed Saleh,NULL
s2637,Ahmed Medhat,NULL
s2638,Mohamed Yassin,NULL
s2639,Ahmed Nader Galal,NULL
s2640,NULL,NULL
s2641,NULL,NULL
s2642,NULL,NULL
s2643,Chakri Toleti,NULL
s2644,NULL,NULL
s2645,Neville Shah,NULL
s2646,NULL,NULL
s2647,Upi Avianto,NULL
s2648,Upi Avianto,NULL
s2649,NULL,NULL
s2650,Hanung Bramantyo,NULL
s2651,Yoon Sung-hyun,NULL
s2652,NULL,NULL
s2653,Rachel Mason,NULL
s2654,Patryk Vega,NULL
s2655,Niyi Akinmolayan,NULL
s2656,Marc Vigil,NULL
s2657,Kris Pearn,NULL
s2658,NULL,NULL
s2659,NULL,NULL
s2660,Ryan Polito,NULL
s2661,NULL,NULL
s2662,NULL,NULL
s2663,NULL,NULL
s2664,Anoop Sathyan,NULL
s2665,NULL,NULL
s2666,NULL,NULL
s2667,NULL,NULL
s2668,Müfit Can Saçinti,NULL
s2669,Julien Leclercq,NULL
s2670,NULL,NULL
s2671,NULL,NULL
s2672,Cüneyt Kaya,NULL
s2673,Greg Barker,NULL
s2674,Fernando González Molina,NULL
s2675,Leticia Jorge Romero,NULL
s2676,Adrien Lagier,Ousmane Ly
s2677,NULL,NULL
s2678,Ethan Coen,Joel Coen
s2679,Jon M. Chu,NULL
s2680,Diego Pignataro,NULL
s2681,Ian Edelman,NULL
s2682,Ali Yorgancioglu,NULL
s2683,Digo Ricio,NULL
s2684,Emcy Joseph,NULL
s2685,NULL,NULL
s2686,Kranthi Madhav,NULL
s2687,Matt D'Elia,NULL
s2688,Tope Oshin,NULL
s2689,Omoni Oboli,NULL
s2690,NULL,NULL
s2691,Jeff Chan,NULL
s2692,NULL,NULL
s2693,NULL,NULL
s2694,Dean Craig,NULL
s2695,Grand Corps Malade,Mehdi Idir
s2696,Jay Karas,NULL
s2697,Stefano Lodovichi,NULL
s2698,Alan Yang,NULL
s2699,NULL,NULL
s2700,NULL,NULL
s2701,Perci Intalan,NULL
s2702,M. Night Shyamalan,NULL
s2703,Chris Robinson,NULL
s2704,Eddie Mensore,NULL
s2705,Sean Baker,NULL
s2706,Padraig Reynolds,NULL
s2707,Yorgos Lanthimos,NULL
s2708,Ric Roman Waugh,NULL
s2709,NULL,NULL
s2710,Michael Dowse,NULL
s2711,NULL,NULL
s2712,Pablo Lejarreta,Luis Alfaro
s2713,Armando Iannucci,NULL
s2714,Akira Saitoh,NULL
s2715,Haruka Fujita,NULL
s2716,Mukul Anand,NULL
s2717,Karan Malhotra,NULL
s2718,Rajiv Chilaka,NULL
s2719,NULL,NULL
s2720,David Batra,Jon Rudberg
s2721,Tarun Mansukhani,NULL
s2722,Ramesh Talwar,NULL
s2723,Mahesh Bhatt,NULL
s2724,Raj Khosla,NULL
s2725,Punit Malhotra,NULL
s2726,Mahesh Bhatt,NULL
s2727,Vinil Mathew,NULL
s2728,NULL,NULL
s2729,Shashank Khaitan,NULL
s2730,Soham Shah,NULL
s2731,Karan Johar,NULL
s2732,Karan Johar,NULL
s2733,Nikkhil Advani,NULL
s2734,Shakun Batra,NULL
s2735,Karan Johar,NULL
s2736,Vikas Bahl,NULL
s2737,NULL,NULL
s2738,Rajiv Chilaka,Anirban Majumder
s2739,Prakash Mehra,NULL
s2740,NULL,NULL
s2741,NULL,NULL
s2742,Anand Ravichandran,NULL
s2743,NULL,NULL
s2744,NULL,NULL
s2745,Richard Claus,Karsten Kiilerich
s2746,Floria Sigismondi,NULL
s2747,NULL,NULL
s2748,Renzil D'Silva,NULL
s2749,NULL,NULL
s2750,Fritz Böhm,NULL
s2751,Ravishankar Venkateswaran,NULL
s2752,NULL,NULL
s2753,Vijay S. Bhanushali,NULL
s2754,NULL,NULL
s2755,David Hunt,NULL
s2756,Stephen S. Campanelli,NULL
s2757,Rakesh Ranjan Kumar,NULL
s2758,Sam Irvin,NULL
s2759,Gary Stretch,NULL
s2760,NULL,NULL
s2761,Desingh Periyasamy,NULL
s2762,NULL,NULL
s2763,Mike Gunther,NULL
s2764,TJ Sullivan,Greg Rankin
s2765,NULL,NULL
s2766,NULL,NULL
s2767,Neeraj Udhwani,NULL
s2768,NULL,NULL
s2769,Patrice Laliberté,NULL
s2770,Ellen Page,Ian Daniel
s2771,Todd Kauffman,Mark Thornton
s2772,Prentice Penny,NULL
s2773,NULL,NULL
s2774,Zsolt Pálfi,NULL
s2775,NULL,NULL
s2776,Nawapol Thamrongrattanarit,NULL
s2777,Marlene Melchior,NULL
s2778,NULL,NULL
s2779,Aaron Lieber,NULL
s2780,NULL,NULL
s2781,Tamas Yvan Topolanszky,NULL
s2782,Àlex Pastor,David Pastor
s2783,Rami Hachache,NULL
s2784,NULL,NULL
s2785,NULL,NULL
s2786,NULL,NULL
s2787,Francisco Macri,NULL
s2788,NULL,NULL
s2789,NULL,NULL
s2790,Gabriela García Rivas,NULL
s2791,NULL,NULL
s2792,NULL,NULL
s2793,NULL,NULL
s2794,NULL,NULL
s2795,NULL,NULL
s2796,Eric Goode,Rebecca Chaiklin
s2797,Francesco Lettieri,NULL
s2798,NULL,NULL
s2799,John Suits,NULL
s2800,Takeru Nakajima,Yoshiyuki Okada
s2801,Malik Nejer,NULL
s2802,Susan Walter,NULL
s2803,NULL,NULL
s2804,Masaaki Yuasa,NULL
s2805,NULL,NULL
s2806,Pierre Deschamps,NULL
s2807,Jeff Tomsic,NULL
s2808,NULL,NULL
s2809,NULL,NULL
s2810,Scot Armstrong,NULL
s2811,Naman Nitin Mukesh,NULL
s2812,Joey So,NULL
s2813,Joey So,NULL
s2814,Lynn Novick,NULL
s2815,Joey So,NULL
s2816,Navjot Gulati,NULL
s2817,NULL,NULL
s2818,Stephanie Zwane,NULL
s2819,NULL,NULL
s2820,Owen Trevor,NULL
s2821,Stephanie Turner,NULL
s2822,Kim Seong-hun,NULL
s2823,Liz Garbus,NULL
s2824,Mehmet Ada Öztekin,NULL
s2825,NULL,NULL
s2826,NULL,NULL
s2827,NULL,NULL
s2828,NULL,NULL
s2829,Jos Humphrey,NULL
s2830,Lynn Shelton,NULL
s2831,Sharmeen Obaid-Chinoy,NULL
s2832,Toyin Abraham,NULL
s2833,Adze Ugah,NULL
s2834,Ruchi Narain,NULL
s2835,Christophe Charrier,NULL
s2836,Stanley Nelson,NULL
s2837,Peter Berg,NULL
s2838,Daniel Calparsoro,NULL
s2839,NULL,NULL
s2840,Steve Gukas,NULL
s2841,Trivikram Srinivas,NULL
s2842,NULL,NULL
s2843,Kittiphak Thonguam,NULL
s2844,Cristi Puiu,NULL
s2845,Sebastian Jones,Ramez Silyan
s2846,Cristi Puiu,NULL
s2847,Carlos Sedes,NULL
s2848,Adam B. Stein,Zach Lipovsky
s2849,Lucas Margutti,NULL
s2850,Marcus Raboy,NULL
s2851,Athiyan Athirai,NULL
s2852,Zuko Nodada,NULL
s2853,Madonna,NULL
s2854,Milton Horowitz,NULL
s2855,NULL,NULL
s2856,NULL,NULL
s2857,Sneha Taurani,NULL
s2858,NULL,NULL
s2859,Momoko Kamiya,NULL
s2860,Matthew Ross,NULL
s2861,Martin Scorsese,NULL
s2862,Lee Kirk,NULL
s2863,Ziggy Hofmeyr,NULL
s2864,Paul Thomas Anderson,NULL
s2865,Gustavo Ron,NULL
s2866,Yacine Belhousse,NULL
s2867,Sam Dunn,NULL
s2868,Brett Haley,NULL
s2869,NULL,NULL
s2870,NULL,NULL
s2871,NULL,NULL
s2872,NULL,NULL
s2873,NULL,NULL
s2874,Trivikram Srinivas,NULL
s2875,NULL,NULL
s2876,NULL,NULL
s2877,Kunihiko Yuyama,Motonori Sakakibara
s2878,Ali Kalthami,Meshal Aljaser
s2879,Tolu Awobiyi,NULL
s2880,Walter Taylaur,NULL
s2881,NULL,NULL
s2882,Daniel Oriahi,NULL
s2883,Niyi Akinmolayan,NULL
s2884,NULL,NULL
s2885,Oyefunke Fayoyin,NULL
s2886,Seyi Babatope,NULL
s2887,Jason Orley,NULL
s2888,Robert Eagar,NULL
s2889,NULL,NULL
s2890,Travis Stevens,NULL
s2891,Mick Grogan,NULL
s2892,NULL,NULL
s2893,NULL,NULL
s2894,NULL,NULL
s2895,NULL,NULL
s2896,Nora Fingscheidt,NULL
s2897,Jeethu Joseph,NULL
s2898,Dee Rees,NULL
s2899,Sooni Taraporevala,NULL
s2900,Linda Korsten,NULL
s2901,NULL,NULL
s2902,Tom Barton-Humphreys,NULL
s2903,NULL,NULL
s2904,Angelina Jolie,NULL
s2905,R.J. Daniel Hanna,NULL
s2906,Paco Cabezas,NULL
s2907,Tosin Coker,NULL
s2908,Peter Billingsley,NULL
s2909,Jason Zada,NULL
s2910,Avgousta Zourelidi,NULL
s2911,NULL,NULL
s2912,Richard Phelan,Will Becher
s2913,Rod Cabatana Marmol,NULL
s2914,Michal Tylka,NULL
s2915,Oliver Kienle,NULL
s2916,Brian Webber,NULL
s2917,Ashutosh Gowariker,NULL
s2918,NULL,NULL
s2919,Charles Uwagbai,NULL
s2920,Takashi Yamazaki,Ryuichi Yagi
s2921,NULL,NULL
s2922,NULL,NULL
s2923,NULL,NULL
s2924,Pantham Thongsang,Cheewatan Pusitsuksa
s2925,Paul Krüger,Anél Stolp
s2926,Michael Fimognari,NULL
s2927,NULL,NULL
s2928,NULL,NULL
s2929,Benny Safdie,Josh Safdie
s2930,Andres Clariond,NULL
s2931,Andibachtiar Yusuf,NULL
s2932,NULL,NULL
s2933,Andrew Dean,NULL
s2934,Lars Klevberg,NULL
s2935,Lukasz Kosmicki,NULL
s2936,Shanavas K. Bavakutty,NULL
s2937,Kwabena Gyansah,NULL
s2938,NULL,NULL
s2939,NULL,NULL
s2940,Jeff Baena,NULL
s2941,Kumaran,NULL
s2942,NULL,NULL
s2943,NULL,NULL
s2944,Jared Moshé,NULL
s2945,NULL,NULL
s2946,NULL,NULL
s2947,Austin Peck,Anneliese Vandenberg
s2948,James Bamford,NULL
s2949,Julia Willoughby Nason,Jenner Furst
s2950,Nate Adams,Adam Carolla
s2951,Ivan Silvestrini,NULL
s2952,Robert Krantz,NULL
s2953,Gregory Jacobs,NULL
s2954,NULL,NULL
s2955,Jeethu Joseph,NULL
s2956,Alfonso Cortés-Cavanillas,NULL
s2957,Xavier Manrique,NULL
s2958,Sooraj R. Barjatya,NULL
s2959,NULL,NULL
s2960,NULL,NULL
s2961,Richard Gabai,NULL
s2962,Alfons Adetuyi,NULL
s2963,Thomas Astruc,NULL
s2964,Erwin van den Eshof,NULL
s2965,NULL,NULL
s2966,NULL,NULL
s2967,NULL,NULL
s2968,NULL,NULL
s2969,G.J. Echternkamp,NULL
s2970,Sooraj R. Barjatya,NULL
s2971,Hikari,NULL
s2972,NULL,NULL
s2973,Jean-Claude Flamand-Barny,NULL
s2974,Oluseyi Asurf,NULL
s2975,NULL,NULL
s2976,Lana Wilson,NULL
s2977,NULL,NULL
s2978,NULL,NULL
s2979,Shannon Hartman,NULL
s2980,NULL,NULL
s2981,NULL,NULL
s2982,David Oelhoffen,NULL
s2983,NULL,NULL
s2984,NULL,NULL
s2985,NULL,NULL
s2986,Ramesh Sippy,NULL
s2987,Halitha Shameem,NULL
s2988,Vir Das,Ajay Bhuyan
s2989,Josh Z. Weinstein,Joshua Z. Weinstein
s2990,Chung Mong-hong,NULL
s2991,Johnny Breedt,NULL
s2992,NULL,NULL
s2993,NULL,NULL
s2994,NULL,NULL
s2995,NULL,NULL
s2996,César Rodrigues,NULL
s2997,Alex Díaz,NULL
s2998,NULL,NULL
s2999,NULL,NULL
s3000,Quek Shio-chuan,NULL
s3001,NULL,NULL
s3002,NULL,NULL
s3003,Pablo Stoll,Juan Pablo Rebella
s3004,Krysia Plonka,NULL
s3005,Madhumita,NULL
s3006,NULL,NULL
s3007,Debamitra Biswal,NULL
s3008,David Lynch,NULL
s3009,Sofia Coppola,NULL
s3010,Tyler Perry,NULL
s3011,NULL,NULL
s3012,NULL,NULL
s3013,NULL,NULL
s3014,NULL,NULL
s3015,Caryn Waechter,NULL
s3016,NULL,NULL
s3017,Tim Hill,NULL
s3018,Numa Perrier,NULL
s3019,Brian Helgeland,NULL
s3020,Yoshiyuki Momose,NULL
s3021,NULL,NULL
s3022,Danny Boyle,NULL
s3023,Rima Das,NULL
s3024,Paco Plaza,NULL
s3025,NULL,NULL
s3026,Andrew Goth,NULL
s3027,William Kaufman,NULL
s3028,David Benioff,D.B. Weiss
s3029,NULL,NULL
s3030,Patryk Vega,NULL
s3031,NULL,NULL
s3032,Steve Boettcher,NULL
s3033,Mikhil Musale,NULL
s3034,NULL,NULL
s3035,NULL,NULL
s3036,NULL,NULL
s3037,Soumendra Padhi,NULL
s3038,NULL,NULL
s3039,Tom Green,NULL
s3040,NULL,NULL
s3041,NULL,NULL
s3042,Don Michael Paul,NULL
s3043,NULL,NULL
s3044,David Lowery,NULL
s3045,Maria Ripoll,NULL
s3046,NULL,NULL
s3047,Yibrán Asuad,NULL
s3048,NULL,NULL
s3049,Mohit Suri,NULL
s3050,NULL,NULL
s3051,NULL,NULL
s3052,Edwin,NULL
s3053,NULL,NULL
s3054,NULL,NULL
s3055,Vadim Jean,NULL
s3056,NULL,NULL
s3057,NULL,NULL
s3058,Mark A.Z. Dippé,Kyung Ho Lee
s3059,Mark A.Z. Dippé,Eondeok Han
s3060,Mark A.Z. Dippé,NULL
s3061,Anurag Kashyap,Dibakar Banerjee
s3062,Michael Simon,NULL
s3063,John A. Davis,NULL
s3064,NULL,NULL
s3065,Lucas Margutti,NULL
s3066,NULL,NULL
s3067,NULL,NULL
s3068,Justin Webster,NULL
s3069,Guillermo del Toro,NULL
s3070,Tetsuo Yajima,NULL
s3071,Edwin,NULL
s3072,NULL,NULL
s3073,John Lyde,NULL
s3074,Steve Rash,NULL
s3075,NULL,NULL
s3076,NULL,NULL
s3077,NULL,NULL
s3078,Ravi Babu,NULL
s3079,Soumitra Ranade,NULL
s3080,NULL,NULL
s3081,Jon Rosenbaum,NULL
s3082,Bruce Leddy,NULL
s3083,NULL,NULL
s3084,NULL,NULL
s3085,NULL,NULL
s3086,NULL,NULL
s3087,NULL,NULL
s3088,NULL,NULL
s3089,NULL,NULL
s3090,Yuki Yamato,NULL
s3091,Andrew Wessels,NULL
s3092,Emir Kusturica,NULL
s3093,NULL,NULL
s3094,Odunlade Adekola,NULL
s3095,Elisa Fuksas,NULL
s3096,NULL,NULL
s3097,Lee Toland Krieger,NULL
s3098,Tony Giglio,NULL
s3099,Akiyuki Shinbo,Nobuyuki Takeuchi
s3100,Ron Oliver,NULL
s3101,Don Michael Paul,NULL
s3102,Shojiro Nishimi,Guillaume Renard
s3103,J.D. Dillard,NULL
s3104,NULL,NULL
s3105,Pepe Bojórquez,NULL
s3106,Rhys Thomas,NULL
s3107,NULL,NULL
s3108,David M. Rosenthal,NULL
s3109,NULL,NULL
s3110,Louise Alston,NULL
s3111,Sunkanmi Adebayo,NULL
s3112,NULL,NULL
s3113,Omoni Oboli,NULL
s3114,Falz,NULL
s3115,Frank Rajah Arase,NULL
s3116,Omoni Oboli,NULL
s3117,Fernando Meirelles,NULL
s3118,NULL,NULL
s3119,Rodrigo Reyes,NULL
s3120,NULL,NULL
s3121,NULL,NULL
s3122,Mark Lewis,NULL
s3123,NULL,NULL
s3124,Sebastian DiNatale,NULL
s3125,Nuhash Humayun,Syed Ahmed Shawki
s3126,Tom Hooper,NULL
s3127,Karan Anshuman,NULL
s3128,NULL,NULL
s3129,NULL,NULL
s3130,NULL,NULL
s3131,Obi Emelonye,NULL
s3132,Farhan Akhtar,NULL
s3133,Zoya Akhtar,NULL
s3134,Farhan Akhtar,NULL
s3135,Farhan Akhtar,NULL
s3136,Mrighdeep Singh Lamba,NULL
s3137,Abhinay Deo,NULL
s3138,Tsutomu Mizushima,NULL
s3139,Fernando Ayllón,NULL
s3140,Reema Kagti,NULL
s3141,Jadesola Osiberu,NULL
s3142,Vijay Lalwani,NULL
s3143,Farhan Akhtar,NULL
s3144,Zoya Akhtar,NULL
s3145,Shirley Frimpong-Manso,NULL
s3146,Abhishek Kapoor,NULL
s3147,NULL,NULL
s3148,Reema Kagti,NULL
s3149,NULL,NULL
s3150,Zoya Akhtar,NULL
s3151,Michael Bay,NULL
s3152,Robert O. Peters,NULL
s3153,Bunmi Ajakaiye,NULL
s3154,Omoni Oboli,NULL
s3155,Biodun Stephen,NULL
s3156,Ding-Lin Wang,NULL
s3157,Robert O. Peters,NULL
s3158,Richard van't Riet,NULL
s3159,Shonali Bose,NULL
s3160,Sameh Abdulaziz,NULL
s3161,Lance Bangs,NULL
s3162,Robbie Countryman,NULL
s3163,Trey Edward Shults,NULL
s3164,Sujeeth,NULL
s3165,Alexandre Avancini,NULL
s3166,NULL,NULL
s3167,BB Sasore,NULL
s3168,Pascal Amanfo,NULL
s3169,NULL,NULL
s3170,Noah Baumbach,NULL
s3171,Atsuko Ishizuka,NULL
s3172,Eric Aghimien,NULL
s3173,NULL,NULL
s3174,NULL,NULL
s3175,Michel Tikhomiroff,NULL
s3176,Robert Kenner,Taki Oldham
s3177,NULL,NULL
s3178,NULL,NULL
s3179,Omoni Oboli,NULL
s3180,Omoni Oboli,NULL
s3181,John Schultz,NULL
s3182,NULL,NULL
s3183,NULL,NULL
s3184,NULL,NULL
s3185,NULL,NULL
s3186,NULL,NULL
s3187,Linda Mendoza,NULL
s3188,NULL,NULL
s3189,Michelle Johnston,NULL
s3190,Vijay Kumar Arora,NULL
s3191,Matt Shakman,NULL
s3192,Mikhail Red,NULL
s3193,NULL,NULL
s3194,Pankaj Batra,NULL
s3195,Serge Ou,NULL
s3196,Navaniat Singh,NULL
s3197,NULL,NULL
s3198,Gaurav Bavdankar,NULL
s3199,Jagdeep Sidhu,NULL
s3200,NULL,NULL
s3201,Tanawat Aiemjinda,NULL
s3202,Mukesh Vohra,NULL
s3203,Syrine Boulanouar,Nekfeu
s3204,Tudor Giurgiu,NULL
s3205,NULL,NULL
s3206,Luis Ara,Ignacio Jaunsolo
s3207,Abhishek Sharma,NULL
s3208,Mati Diop,NULL
s3209,NULL,NULL
s3210,Moses Inwang,NULL
s3211,Jérémy Clapin,NULL
s3212,Mandla Dube,NULL
s3213,NULL,NULL
s3214,Mike Ezuruonye,NULL
s3215,Cheta Chukwu,NULL
s3216,Roger Russell,NULL
s3217,NULL,NULL
s3218,Toka McBaror,NULL
s3219,Leslie Small,NULL
s3220,NULL,NULL
s3221,NULL,NULL
s3222,NULL,NULL
s3223,NULL,NULL
s3224,Edward Zwick,NULL
s3225,Basava Shankar Eeday,NULL
s3226,Prakash Satam,NULL
s3227,Elle-Máijá Tailfeathers,Kathleen Hepburn
s3228,Martin Scorsese,NULL
s3229,Seth Barrish,NULL
s3230,Steve Ball,NULL
s3231,NULL,NULL
s3232,NULL,NULL
s3233,NULL,NULL
s3234,Sanjiv Jaiswal,NULL
s3235,Marta Jaenes,Rosa Márquez
s3236,Ric Roman Waugh,NULL
s3237,NULL,NULL
s3238,Julien Abraham,NULL
s3239,NULL,NULL
s3240,Tsutomu Mizushima,NULL
s3241,NULL,NULL
s3242,NULL,NULL
s3243,NULL,NULL
s3244,NULL,NULL
s3245,Nate Adams,Adam Carolla
s3246,NULL,NULL
s3247,NULL,NULL
s3248,NULL,NULL
s3249,Monika Mitchell,NULL
s3250,NULL,NULL
s3251,Eva Orner,NULL
s3252,KVR Mahendra,NULL
s3253,NULL,NULL
s3254,Juan Carlos Rulfo,NULL
s3255,Raj R,NULL
s3256,NULL,NULL
s3257,Steve Paley,NULL
s3258,NULL,NULL
s3259,NULL,NULL
s3260,Timo Vuorensola,NULL
s3261,Robb Dipple,NULL
s3262,Sarah Gavron,NULL
s3263,Eli Roth,NULL
s3264,NULL,NULL
s3265,Wash Westmoreland,NULL
s3266,Alessandro Angulo,NULL
s3267,Mauro Scandolari,NULL
s3268,Arjun Jandyala,NULL
s3269,Shashanka Ghosh,Samit Basu
s3270,NULL,NULL
s3271,NULL,NULL
s3272,NULL,NULL
s3273,Naoko Yamada,NULL
s3274,Sergio Pablos,NULL
s3275,NULL,NULL
s3276,NULL,NULL
s3277,NULL,NULL
s3278,NULL,NULL
s3279,Valli Bindana,NULL
s3280,NULL,NULL
s3281,Makoto Shinkai,NULL
s3282,NULL,NULL
s3283,NULL,NULL
s3284,NULL,NULL
s3285,NULL,NULL
s3286,Gautier & Leduc,NULL
s3287,NULL,NULL
s3288,NULL,NULL
s3289,NULL,NULL
s3290,Christopher Storer,NULL
s3291,Tom Ford,NULL
s3292,NULL,NULL
s3293,Josh Aronson,NULL
s3294,NULL,NULL
s3295,NULL,NULL
s3296,NULL,NULL
s3297,Luke Snellin,NULL
s3298,Xavier Durringer,NULL
s3299,NULL,NULL
s3300,Pawan Kumar,NULL
s3301,Phillip Youmans,NULL
s3302,NULL,NULL
s3303,Zhang Yimou,NULL
s3304,Lucas Margutti,NULL
s3305,NULL,NULL
s3306,Neal Brennan,NULL
s3307,NULL,NULL
s3308,Azazel Jacobs,NULL
s3309,Jung Ji-woo,NULL
s3310,Leslie Small,NULL
s3311,NULL,NULL
s3312,Matt D'Avella,NULL
s3313,Parthiban,NULL
s3314,NULL,NULL
s3315,NULL,NULL
s3316,Savage Steve Holland,NULL
s3317,NULL,NULL
s3318,Savage Steve Holland,NULL
s3319,Scott McAboy,NULL
s3320,Raymie Muzquiz,Stu Livingston
s3321,Stephen Herek,NULL
s3322,Joe Menendez,NULL
s3323,Vince Marcello,NULL
s3324,Eric Bross,NULL
s3325,Will Eisenberg,NULL
s3326,NULL,NULL
s3327,Marina Seresesky,NULL
s3328,NULL,NULL
s3329,NULL,NULL
s3330,Kenny Leon,NULL
s3331,NULL,NULL
s3332,Harvey Lowry,NULL
s3333,James Dearden,NULL
s3334,NULL,NULL
s3335,Tarun Mansukhani,NULL
s3336,Drea Cooper,Zackary Canepari
s3337,NULL,NULL
s3338,Ernie Barbarash,NULL
s3339,Michael A. Nickles,NULL
s3340,NULL,NULL
s3341,NULL,NULL
s3342,NULL,NULL
s3343,NULL,NULL
s3344,Blayne Weaver,NULL
s3345,NULL,NULL
s3346,NULL,NULL
s3347,Manolo Caro,NULL
s3348,David Michôd,NULL
s3349,Marco Bonfanti,NULL
s3350,Everardo González,NULL
s3351,NULL,NULL
s3352,NULL,NULL
s3353,NULL,NULL
s3354,Rodrigo Guardiola,Gabriel Cruz Rivas
s3355,Juani Libonatti,NULL
s3356,NULL,NULL
s3357,DJ Chen,NULL
s3358,NULL,NULL
s3359,Park Joon-hwa,NULL
s3360,Saravana Rajendran,NULL
s3361,NULL,NULL
s3362,NULL,NULL
s3363,Brian Volk-Weiss,NULL
s3364,NULL,NULL
s3365,NULL,NULL
s3366,Everardo González,NULL
s3367,Matt Kay,NULL
s3368,NULL,NULL
s3369,NULL,NULL
s3370,NULL,NULL
s3371,NULL,NULL
s3372,Ozan Açiktan,NULL
s3373,Craig Brewer,NULL
s3374,NULL,NULL
s3375,Billy Lyons,NULL
s3376,NULL,NULL
s3377,Michael Steed,NULL
s3378,NULL,NULL
s3379,NULL,NULL
s3380,Zak Hilditch,NULL
s3381,Michael Steiner,NULL
s3382,NULL,NULL
s3383,NULL,NULL
s3384,Andrew Slater,NULL
s3385,Glen Goei,Gavin Yap
s3386,NULL,NULL
s3387,Huw Cordey,NULL
s3388,Yuen Woo-ping,NULL
s3389,Gillian Robespierre,NULL
s3390,Ben Wheatley,NULL
s3391,Prakash Satam,NULL
s3392,Thomas Vinterberg,NULL
s3393,Adze Ugah,NULL
s3394,NULL,NULL
s3395,NULL,NULL
s3396,NULL,NULL
s3397,NULL,NULL
s3398,NULL,NULL
s3399,Ciarán Foy,NULL
s3400,Frank Rajah Arase,NULL
s3401,NULL,NULL
s3402,NULL,NULL
s3403,Yilmaz Erdogan,NULL
s3404,NULL,NULL
s3405,NULL,NULL
s3406,Daniel Sánchez Arévalo,NULL
s3407,NULL,NULL
s3408,Don Omope,NULL
s3409,Ed Perkins,NULL
s3410,Steven Soderbergh,NULL
s3411,NULL,NULL
s3412,Tope Oshin,NULL
s3413,Udai Singh Pawar,NULL
s3414,Guntur Soeharjanto,NULL
s3415,NULL,NULL
s3416,NULL,NULL
s3417,NULL,NULL
s3418,Bassam Tariq,NULL
s3419,Leslie Iwerks,NULL
s3420,Kim Joo-hyung,NULL
s3421,NULL,NULL
s3422,Ciarán Foy,NULL
s3423,Louie Psihoyos,NULL
s3424,Ahmet Katiksiz,NULL
s3425,Jean-François Blais,NULL
s3426,Leïla Sy,Kery James
s3427,NULL,NULL
s3428,Hakan Algül,NULL
s3429,Vince Gilligan,NULL
s3430,Brad Anderson,NULL
s3431,NULL,NULL
s3432,Bolanle Austen-Peters,NULL
s3433,Sion Sono,NULL
s3434,NULL,NULL
s3435,Dennis Rovira van Boekholt,NULL
s3436,NULL,NULL
s3437,Naoto Amazutsumi,NULL
s3438,NULL,NULL
s3439,Jenny Gage,NULL
s3440,Kaila York,NULL
s3441,NULL,NULL
s3442,Ryan Polito,NULL
s3443,NULL,NULL
s3444,Andibachtiar Yusuf,NULL
s3445,NULL,NULL
s3446,NULL,NULL
s3447,Vandana Kataria,NULL
s3448,NULL,NULL
s3449,Onur Bilgetay,NULL
s3450,NULL,NULL
s3451,Vincenzo Natali,NULL
s3452,Tugçe Soysop,NULL
s3453,NULL,NULL
s3454,NULL,NULL
s3455,NULL,NULL
s3456,NULL,NULL
s3457,Jacob Joice,Steve Ball
s3458,NULL,NULL
s3459,NULL,NULL
s3460,Luis Javier Henaine,NULL
s3461,Anand Kamalakar,NULL
s3462,Lee Yoon-jung,NULL
s3463,NULL,NULL
s3464,NULL,NULL
s3465,NULL,NULL
s3466,Roy Poortmans,NULL
s3467,NULL,NULL
s3468,NULL,NULL
s3469,Vrinda Samartha,NULL
s3470,NULL,NULL
s3471,NULL,NULL
s3472,Nicholaus Goossen,NULL
s3473,Stig Bergqvist,Paul Demeyer
s3474,NULL,NULL
s3475,NULL,NULL
s3476,Igor Kovalyov,Norton Virgien
s3477,Noah Baumbach,NULL
s3478,Danny Cannon,NULL
s3479,Chris Howe,NULL
s3480,Mana Yasuda,NULL
s3481,Mana Yasuda,NULL
s3482,NULL,NULL
s3483,Gupse Özay,NULL
s3484,NULL,NULL
s3485,Jim Mickle,NULL
s3486,Jumpei Mizusaki,Koji Morimoto
s3487,Mangesh Hadawale,NULL
s3488,Wong Kar Wai,NULL
s3489,NULL,NULL
s3490,NULL,NULL
s3491,Otilia Portillo Padua,NULL
s3492,NULL,NULL
s3493,B. V. Nandini Reddy,NULL
s3494,B. V. Nandini Reddy,NULL
s3495,Michael J. Bassett,NULL
s3496,Troy Miller,NULL
s3497,Rahul Ravindran,NULL
s3498,Archie Borders,NULL
s3499,Deepti Naval,NULL
s3500,NULL,NULL
s3501,Scott Aukerman,NULL
s3502,NULL,NULL
s3503,NULL,NULL
s3504,Mariano Barroso,NULL
s3505,NULL,NULL
s3506,NULL,NULL
s3507,Kiko Cruz Claverol,Patricia Font
s3508,Bedran Güzel,NULL
s3509,NULL,NULL
s3510,Sandeep Reddy Vanga,NULL
s3511,NULL,NULL
s3512,Jesse V. Johnson,NULL
s3513,Manny Rodriguez,NULL
s3514,Tom Donahue,NULL
s3515,Michèle Ohayon,NULL
s3516,NULL,NULL
s3517,B. V. Nandini Reddy,NULL
s3518,Randall Lobb,NULL
s3519,Alex Stapleton,NULL
s3520,NULL,NULL
s3521,Kivanç Baruönü,NULL
s3522,NULL,NULL
s3523,Teng Huatao,NULL
s3524,Nzingha Stewart,NULL
s3525,NULL,NULL
s3526,NULL,NULL
s3527,NULL,NULL
s3528,NULL,NULL
s3529,Mike Binder,NULL
s3530,Orlando von Einsiedel,NULL
s3531,Anubhav Sinha,NULL
s3532,Maha Venkatesh,NULL
s3533,Tharun Bhascker,NULL
s3534,Senol Sönmez,NULL
s3535,NULL,NULL
s3536,NULL,NULL
s3537,Farhan Alam,NULL
s3538,A. L. Vijay,NULL
s3539,Petra Costa,NULL
s3540,NULL,NULL
s3541,NULL,NULL
s3542,Hayato Date,NULL
s3543,Petra Costa,Lea Glob
s3544,NULL,NULL
s3545,Bernie Denk,NULL
s3546,Ahmed Zain,NULL
s3547,NULL,NULL
s3548,Rémy Four,Julien War
s3549,Fernando Ayllón,NULL
s3550,Alejandro Fernández Almendras,NULL
s3551,NULL,NULL
s3552,NULL,NULL
s3553,NULL,NULL
s3554,NULL,NULL
s3555,Jota Linares,NULL
s3556,Roger Kumble,NULL
s3557,Wagner de Assis,NULL
s3558,White Trash Tyler,NULL
s3559,NULL,NULL
s3560,Stan Lathan,NULL
s3561,Yeung Yat-Tak,NULL
s3562,NULL,NULL
s3563,NULL,NULL
s3564,Rai Yuvraj Bains,NULL
s3565,Sunil Thakur,NULL
s3566,Muh Chen,NULL
s3567,Saurabh Sinha,NULL
s3568,Steven Bognar,Julia Reichert
s3569,Ashwin Saravanan,NULL
s3570,Ashwin Saravanan,NULL
s3571,Ashwin Saravanan,NULL
s3572,NULL,NULL
s3573,Jun Lana,NULL
s3574,NULL,NULL
s3575,Julia Knowles,NULL
s3576,NULL,NULL
s3577,NULL,NULL
s3578,NULL,NULL
s3579,NULL,NULL
s3580,NULL,NULL
s3581,NULL,NULL
s3582,NULL,NULL
s3583,Tarsem Singh,NULL
s3584,Michael Tiddes,NULL
s3585,NULL,NULL
s3586,NULL,NULL
s3587,Kepa Sojo,NULL
s3588,NULL,NULL
s3589,NULL,NULL
s3590,Vikramaditya Motwane,Anurag Kashyap
s3591,Cho Li,Chen Hung-yi
s3592,Diego Pignataro,NULL
s3593,NULL,NULL
s3594,Manu Ashokan,NULL
s3595,Anita Udeep,NULL
s3596,Vlad Yudin,NULL
s3597,Alberto Arnaut Estrada,NULL
s3598,NULL,NULL
s3599,NULL,NULL
s3600,Robert Moresco,NULL
s3601,NULL,NULL
s3602,NULL,NULL
s3603,Aadish Keluskar,NULL
s3604,Joe Murray,Cosmo Segurson
s3605,NULL,NULL
s3606,Jesse Moss,NULL
s3607,NULL,NULL
s3608,NULL,NULL
s3609,NULL,NULL
s3610,NULL,NULL
s3611,NULL,NULL
s3612,NULL,NULL
s3613,NULL,NULL
s3614,Shin Won-ho,NULL
s3615,Shin Won-ho,NULL
s3616,NULL,NULL
s3617,Sujoy Ghosh,NULL
s3618,John Asher,NULL
s3619,Mae Czarina Cruz,NULL
s3620,Lance Bangs,NULL
s3621,Shannon Hartman,NULL
s3622,Billy Corben,NULL
s3623,Joe DeMaio,NULL
s3624,Alex Burunova,NULL
s3625,NULL,NULL
s3626,Jesús Torres Torres,NULL
s3627,Erwin van den Eshof,NULL
s3628,NULL,NULL
s3629,Camille Shooshani,NULL
s3630,NULL,NULL
s3631,Vijay Kumar,NULL
s3632,Phanindra Narsetti,NULL
s3633,NULL,NULL
s3634,NULL,NULL
s3635,Gideon Raff,NULL
s3636,Marcus Raboy,NULL
s3637,NULL,NULL
s3638,Jorge M. Fontana,NULL
s3639,Mikhail Red,NULL
s3640,Olivier Afonso,NULL
s3641,NULL,NULL
s3642,Sebastián Schindel,NULL
s3643,NULL,NULL
s3644,Karim Amer,Jehane Noujaim
s3645,NULL,NULL
s3646,Jay Chapman,NULL
s3647,Jay Karas,Demetri Martin
s3648,Dante Lam,NULL
s3649,Chi Keung Fung,NULL
s3650,Corey Yuen,Patrick Leung
s3651,To-hoi Kong,NULL
s3652,NULL,NULL
s3653,Frank Ariza,NULL
s3654,Jerry Seinfeld,NULL
s3655,NULL,NULL
s3656,NULL,NULL
s3657,NULL,NULL
s3658,Peter Sullivan,NULL
s3659,Aditya Sarpotdar,NULL
s3660,NULL,NULL
s3661,NULL,NULL
s3662,Nisheeta Keni,NULL
s3663,Daniel Gray Longino,NULL
s3664,NULL,NULL
s3665,NULL,NULL
s3666,NULL,NULL
s3667,NULL,NULL
s3668,NULL,NULL
s3669,Gerardo Olivares,NULL
s3670,NULL,NULL
s3671,Wi Ding Ho,NULL
s3672,NULL,NULL
s3673,Thomas Sieben,NULL
s3674,NULL,NULL
s3675,NULL,NULL
s3676,Joe Lynch,NULL
s3677,Andreas Pichler,NULL
s3678,NULL,NULL
s3679,Daniel Arasanz,NULL
s3680,Spike Jonze,NULL
s3681,NULL,NULL
s3682,Marcelo Altmark,Mariano Mucci
s3683,NULL,NULL
s3684,Michèle Ohayon,NULL
s3685,NULL,NULL
s3686,NULL,NULL
s3687,NULL,NULL
s3688,NULL,NULL
s3689,NULL,NULL
s3690,NULL,NULL
s3691,NULL,NULL
s3692,NULL,NULL
s3693,NULL,NULL
s3694,Linda Mendoza,NULL
s3695,NULL,NULL
s3696,NULL,NULL
s3697,NULL,NULL
s3698,Hernán Zin,NULL
s3699,Sittisiri Mongkolsiri,NULL
s3700,Robbie Grewal,NULL
s3701,NULL,NULL
s3702,Thiagarajan Kumararaja,NULL
s3703,NULL,NULL
s3704,Kate Horne,NULL
s3705,NULL,NULL
s3706,NULL,NULL
s3707,Roberto Girault Facha,NULL
s3708,NULL,NULL
s3709,NULL,NULL
s3710,Paul Thomas Anderson,NULL
s3711,NULL,NULL
s3712,Alex Díaz,Marcos Bucay
s3713,NULL,NULL
s3714,Sujoy Ghosh,NULL
s3715,Svati Chakravarty Bhatkal,NULL
s3716,Kevin Bray,NULL
s3717,NULL,NULL
s3718,Jesse V. Johnson,Jesse Johnson
s3719,Miguel Cohan,Miguel Cohan
s3720,Luis Alberto Restrepo,Andrés Beltrán
s3721,Hideaki Anno,NULL
s3722,NULL,NULL
s3723,NULL,NULL
s3724,NULL,NULL
s3725,NULL,NULL
s3726,NULL,NULL
s3727,NULL,NULL
s3728,NULL,NULL
s3729,Hideaki Anno,Kazuya Tsurumaki
s3730,Abhijit Kokate,Srivinay Salian
s3731,Antonin Baudry,NULL
s3732,Chris Robinson,NULL
s3733,Petra Costa,NULL
s3734,Jay Karas,NULL
s3735,Jon Watts,NULL
s3736,Jakob Lass,NULL
s3737,NULL,NULL
s3738,NULL,NULL
s3739,John Haptas,Kristine Samuelson
s3740,Sanjay Jadhav,NULL
s3741,Vinod Kapri,NULL
s3742,NULL,NULL
s3743,NULL,NULL
s3744,Elías León,NULL
s3745,NULL,NULL
s3746,NULL,NULL
s3747,NULL,NULL
s3748,Bruno Garotti,NULL
s3749,NULL,NULL
s3750,NULL,NULL
s3751,NULL,NULL
s3752,NULL,NULL
s3753,NULL,NULL
s3754,Kyle Newacheck,NULL
s3755,NULL,NULL
s3756,NULL,NULL
s3757,Mark Ritchie,NULL
s3758,Rocky Soraya,NULL
s3759,Shannon Hartman,NULL
s3760,Martin Scorsese,NULL
s3761,NULL,NULL
s3762,Federico Veiroj,NULL
s3763,NULL,NULL
s3764,Isabel Coixet,NULL
s3765,Grant Sputore,NULL
s3766,Laxman Utekar,NULL
s3767,Juan Antin,NULL
s3768,Hanno Olderdissen,NULL
s3769,Amar Kaushik,NULL
s3770,NULL,NULL
s3771,NULL,NULL
s3772,Reginald Hudlin,NULL
s3773,Eva Trobisch,NULL
s3774,Naoko Yamada,NULL
s3775,NULL,NULL
s3776,Mathieu Auvray,NULL
s3777,Marcus Raboy,NULL
s3778,Limbert Fabian,Brandon Oldenburg
s3779,NULL,NULL
s3780,NULL,NULL
s3781,NULL,NULL
s3782,Datta Mohan Bhandare,NULL
s3783,NULL,NULL
s3784,Sanjib Dey,NULL
s3785,NULL,NULL
s3786,Cristina Jacob,NULL
s3787,Daniel Yee Heng Chan,NULL
s3788,NULL,NULL
s3789,Sachin Yardi,NULL
s3790,NULL,NULL
s3791,Rakeysh Omprakash Mehra,NULL
s3792,Han Han,NULL
s3793,NULL,NULL
s3794,Jang Jae-hyun,NULL
s3795,NULL,NULL
s3796,Nadia Hallgren,NULL
s3797,NULL,NULL
s3798,Sudabeh Mortezai,NULL
s3799,McG,NULL
s3800,NULL,NULL
s3801,Richard Shepard,NULL
s3802,NULL,NULL
s3803,Mike Diva,Akiva Schaffer
s3804,Trisha Ziff,NULL
s3805,Vasan Bala,NULL
s3806,Linda Mendoza,NULL
s3807,NULL,NULL
s3808,NULL,NULL
s3809,Diego Enrique Osorno,NULL
s3810,Hernán Zin,NULL
s3811,Hernán Zin,NULL
s3812,Hernán Zin,NULL
s3813,NULL,NULL
s3814,Pedring A. Lopez,NULL
s3815,Sam Cullman,NULL
s3816,Francesco Imperato,NULL
s3817,Stefon Bristol,NULL
s3818,NULL,NULL
s3819,Kate Melville,NULL
s3820,Aditya Vikram Sengupta,NULL
s3821,Mandie Fletcher,NULL
s3822,NULL,NULL
s3823,Aijaz Khan,NULL
s3824,NULL,NULL
s3825,NULL,NULL
s3826,Gonzalo López-Gallego,NULL
s3827,NULL,NULL
s3828,NULL,NULL
s3829,Abby Epstein,NULL
s3830,Savage Steve Holland,NULL
s3831,Hepi Mita,NULL
s3832,NULL,NULL
s3833,Che Sandoval,NULL
s3834,Jean-Bernard Marlin,NULL
s3835,Yee Tung-Shing,NULL
s3836,NULL,NULL
s3837,Patricia Font,NULL
s3838,NULL,NULL
s3839,NULL,NULL
s3840,NULL,NULL
s3841,NULL,NULL
s3842,Amy Poehler,NULL
s3843,Yen Cheng-kuo,NULL
s3844,NULL,NULL
s3845,NULL,NULL
s3846,NULL,NULL
s3847,NULL,NULL
s3848,NULL,NULL
s3849,NULL,NULL
s3850,NULL,NULL
s3851,NULL,NULL
s3852,NULL,NULL
s3853,NULL,NULL
s3854,NULL,NULL
s3855,NULL,NULL
s3856,NULL,NULL
s3857,NULL,NULL
s3858,Alex Parkinson,Richard da Costa
s3859,Frant Gwo,NULL
s3860,Hao Wu,NULL
s3861,Felipe Cano,NULL
s3862,NULL,NULL
s3863,Gabriela Tagliavini,NULL
s3864,Joe Berlinger,NULL
s3865,NULL,NULL
s3866,Lee Jeong-beom,NULL
s3867,William Bindley,NULL
s3868,NULL,NULL
s3869,Manav Shah,NULL
s3870,Antoine Fuqua,NULL
s3871,NULL,NULL
s3872,Michael Epstein,NULL
s3873,Rachel Lears,NULL
s3874,Syamsul Yusof,NULL
s3875,Mangesh Kanthale,NULL
s3876,Herman Yau,NULL
s3877,NULL,NULL
s3878,Marcus Raboy,NULL
s3879,NULL,NULL
s3880,NULL,NULL
s3881,NULL,NULL
s3882,NULL,NULL
s3883,NULL,NULL
s3884,NULL,NULL
s3885,NULL,NULL
s3886,Dar Gai,NULL
s3887,NULL,NULL
s3888,NULL,NULL
s3889,Fernando Ayllón,NULL
s3890,Yilmaz Erdogan,NULL
s3891,Sathyan Anthikad,NULL
s3892,Brian Oakes,NULL
s3893,NULL,NULL
s3894,Quentin Tarantino,NULL
s3895,Bille August,NULL
s3896,Fab Five Freddie,NULL
s3897,Sandra Restrepo,NULL
s3898,NULL,NULL
s3899,NULL,NULL
s3900,Sarthak Dasgupta,NULL
s3901,NULL,NULL
s3902,NULL,NULL
s3903,NULL,NULL
s3904,Jennifer Kaytin Robinson,NULL
s3905,Renato De Maria,NULL
s3906,Alan Rickman,NULL
s3907,Ulises Valencia,NULL
s3908,Beyoncé Knowles-Carter,NULL
s3909,Richard Curtis,NULL
s3910,NULL,NULL
s3911,Nagesh Kukunoor,NULL
s3912,Suparn Verma,NULL
s3913,Vlad Yudin,NULL
s3914,Sudhir Mishra,NULL
s3915,Sujoy Ghosh,NULL
s3916,Anant Balani,NULL
s3917,Soukarya Ghosal,NULL
s3918,Leena Yadav,NULL
s3919,Amitabha Singh,NULL
s3920,Dallas Jackson,NULL
s3921,NULL,NULL
s3922,Jota Linares,NULL
s3923,Hasan Karacadag,NULL
s3924,Hasan Karacadag,NULL
s3925,NULL,NULL
s3926,NULL,NULL
s3927,Chris Nelson,NULL
s3928,NULL,NULL
s3929,Lee Kyoungmi,Yim Pilsung
s3930,Fernando Ayllón,NULL
s3931,John R. Leonetti,NULL
s3932,NULL,NULL
s3933,Rajiv Menon,NULL
s3934,Karthik Subbaraj,NULL
s3935,NULL,NULL
s3936,Jeremiah Jones,NULL
s3937,NULL,NULL
s3938,NULL,NULL
s3939,NULL,NULL
s3940,Karthik Subbaraj,NULL
s3941,NULL,NULL
s3942,NULL,NULL
s3943,NULL,NULL
s3944,NULL,NULL
s3945,NULL,NULL
s3946,Brie Larson,NULL
s3947,NULL,NULL
s3948,Fernando Ayllón,NULL
s3949,Rocky Soraya,Anggy Umbara
s3950,NULL,NULL
s3951,Shelly Chopra Dhar,NULL
s3952,Shanjey Kumar Perumal,NULL
s3953,Leslie Small,NULL
s3954,NULL,NULL
s3955,Tianyu Zhao,NULL
s3956,Shazia Ali Khan,NULL
s3957,NULL,NULL
s3958,Erik White,NULL
s3959,NULL,NULL
s3960,Owen Egerton,NULL
s3961,"Sam ""Blitz"" Bazawule",NULL
s3962,NULL,NULL
s3963,Swapnaneel Jayakar,NULL
s3964,Kyzza Terrazas,NULL
s3965,NULL,NULL
s3966,NULL,NULL
s3967,John Lee Hancock,NULL
s3968,Theo Love,NULL
s3969,NULL,NULL
s3970,NULL,NULL
s3971,NULL,NULL
s3972,NULL,NULL
s3973,Awi Suryadi,NULL
s3974,Hanung Bramantyo,NULL
s3975,Ryan Polito,NULL
s3976,Raj Babu,NULL
s3977,NULL,NULL
s3978,Javier Ruiz Caldera,NULL
s3979,Chanon Yingyong,Phuwanit Pholdee
s3980,NULL,NULL
s3981,NULL,NULL
s3982,NULL,NULL
s3983,Oriol Paulo,NULL
s3984,Stuart Sender,NULL
s3985,NULL,NULL
s3986,Jeff Tremaine,NULL
s3987,NULL,NULL
s3988,NULL,NULL
s3989,NULL,NULL
s3990,NULL,NULL
s3991,Wenn V. Deramas,NULL
s3992,Joyce Bernal,NULL
s3993,Jason Paul Laxamana,NULL
s3994,Maryo J. De los Reyes,NULL
s3995,Theodore Boborol,NULL
s3996,Luis Ara,NULL
s3997,NULL,NULL
s3998,Karan Shivajirao Chavan,Vikram Tanajirao Patil
s3999,NULL,NULL
s4000,Amy Schumer,NULL
s4001,Richard Loncraine,NULL
s4002,NULL,NULL
s4003,Pia Sukanya,NULL
s4004,Yann Gozlan,NULL
s4005,Francesco Imperato,NULL
s4006,Lukas Dhont,NULL
s4007,NULL,NULL
s4008,Manny Rodriguez,NULL
s4009,Michael Simon,Matthew McNeil
s4010,Manny Rodriguez,NULL
s4011,Michael Simon,NULL
s4012,Frank W Chen,NULL
s4013,NULL,NULL
s4014,Adrian Teh,NULL
s4015,NULL,NULL
s4016,NULL,NULL
s4017,NULL,NULL
s4018,Maryo J. De los Reyes,NULL
s4019,Olivia M. Lamasan,NULL
s4020,Joyce Bernal,NULL
s4021,Theodore Boborol,NULL
s4022,Cathy Garcia-Molina,NULL
s4023,NULL,NULL
s4024,NULL,NULL
s4025,J.C. Chandor,NULL
s4026,Brian Klein,NULL
s4027,NULL,NULL
s4028,NULL,NULL
s4029,NULL,NULL
s4030,NULL,NULL
s4031,NULL,NULL
s4032,Ibrahim Bin Mohamed,Hasan Aljaberi
s4033,NULL,NULL
s4034,Clark Johnson,NULL
s4035,Emmanuel Mouret,NULL
s4036,NULL,NULL
s4037,Conor Allyn,NULL
s4038,Haifaa Al-Mansour,NULL
s4039,Wenn V. Deramas,NULL
s4040,Olivia M. Lamasan,NULL
s4041,Antoinette Jadaone,NULL
s4042,Nuel Naval,NULL
s4043,NULL,NULL
s4044,NULL,NULL
s4045,NULL,NULL
s4046,Keoni Waxman,NULL
s4047,Mae Czarina Cruz,NULL
s4048,Ruel S. Bayani,NULL
s4049,Isao Yukisada,NULL
s4050,A.R. Murugadoss,NULL
s4051,Fritz Ofner,NULL
s4052,Nottapon Boonprakob,NULL
s4053,Nawapol Thamrongrattanarit,NULL
s4054,Xavier Gens,NULL
s4055,NULL,NULL
s4056,NULL,NULL
s4057,NULL,NULL
s4058,NULL,NULL
s4059,Jonathan A. Rosenbaum,NULL
s4060,Franck Phelizon,NULL
s4061,Peter Howitt,NULL
s4062,Rajiv Menon,NULL
s4063,Chiwetel Ejiofor,NULL
s4064,NULL,NULL
s4065,Rodrigo Salomón,Pietro Scappini
s4066,Mark Waters,NULL
s4067,Miguel Ángel Vivas,NULL
s4068,Carlos Vermut,NULL
s4069,Cathy Garcia-Molina,NULL
s4070,Wenn V. Deramas,NULL
s4071,Mae Czarina Cruz,NULL
s4072,Mae Czarina Cruz,NULL
s4073,Sridhar Rangayan,NULL
s4074,Cathy Garcia-Molina,NULL
s4075,Cathy Garcia-Molina,NULL
s4076,Cathy Garcia-Molina,NULL
s4077,Cathy Garcia-Molina,NULL
s4078,Dan Villegas,NULL
s4079,Olivia M. Lamasan,NULL
s4080,NULL,NULL
s4081,Michael Blieden,NULL
s4082,Pawan K Shrivastava,NULL
s4083,Mar Targarona,NULL
s4084,Ryan Polito,NULL
s4085,NULL,NULL
s4086,Aruna Raje,NULL
s4087,Alex Lehmann,NULL
s4088,Elisabeth Vogler,NULL
s4089,Parambrata Chatterjee,NULL
s4090,NULL,NULL
s4091,NULL,NULL
s4092,Woo Min-ho,NULL
s4093,Paul Miller,NULL
s4094,Michael Del Monte,NULL
s4095,Suseenthiran,NULL
s4096,Kevin MacDonald,NULL
s4097,Matt Tyrnauer,NULL
s4098,Prasanth Varma,NULL
s4099,Gangadhar Salimath,NULL
s4100,Daniel J. Clark,NULL
s4101,Marcelo Galvão,NULL
s4102,Shanawaz Nellikunnil,NULL
s4103,Sudhir Mishra,NULL
s4104,Rajat Kapoor,NULL
s4105,Lars Kaalund,NULL
s4106,NULL,NULL
s4107,Hari Nath,NULL
s4108,Saket Chaudhary,NULL
s4109,Tanuja Chandra,NULL
s4110,NULL,NULL
s4111,Jackie van Beek,Madeleine Sami
s4112,NULL,NULL
s4113,Sachin Kamlakar Khot,NULL
s4114,Daniel Monzón,NULL
s4115,NULL,NULL
s4116,Jon M. Chu,NULL
s4117,NULL,NULL
s4118,Rayka Zehtabchi,NULL
s4119,NULL,NULL
s4120,NULL,NULL
s4121,Steven Soderbergh,NULL
s4122,Tom Stern,NULL
s4123,NULL,NULL
s4124,Kelly Duane de la Vega,NULL
s4125,Julio Medem,NULL
s4126,NULL,NULL
s4127,NULL,NULL
s4128,NULL,NULL
s4129,Michael Showalter,NULL
s4130,NULL,NULL
s4131,NULL,NULL
s4132,NULL,NULL
s4133,NULL,NULL
s4134,Johnny Kevorkian,NULL
s4135,Amshan Kumar,NULL
s4136,Adam Davis,Jerry Kolber
s4137,Hsu Chih-yen,Mag Hsu
s4138,NULL,NULL
s4139,Rick Morales,NULL
s4140,Michael D. Black,NULL
s4141,NULL,NULL
s4142,NULL,NULL
s4143,NULL,NULL
s4144,NULL,NULL
s4145,NULL,NULL
s4146,NULL,NULL
s4147,Dan Gilroy,NULL
s4148,Mamat Khalid,NULL
s4149,Pang Ho-cheung,NULL
s4150,NULL,NULL
s4151,Amarjit Virdi,NULL
s4152,Pankaj Batra,NULL
s4153,Nishil Sheth,NULL
s4154,Manny Rodriguez,NULL
s4155,Byun Hyuk,NULL
s4156,Zoe Berriatúa,NULL
s4157,Adam Bhala Lough,NULL
s4158,Faozan Rizal,NULL
s4159,Mansore,NULL
s4160,Hanung Bramantyo,NULL
s4161,Kuntz Agus,NULL
s4162,Hanung Bramantyo,Meisa Felaroze
s4163,NULL,NULL
s4164,NULL,NULL
s4165,Jerrold Tarog,NULL
s4166,Laura Alvea,José Ortuño
s4167,NULL,NULL
s4168,NULL,NULL
s4169,NULL,NULL
s4170,Gastón Duprat,NULL
s4171,NULL,NULL
s4172,NULL,NULL
s4173,NULL,NULL
s4174,Andy Caballero,Diego Corsini
s4175,Seren Yüce,NULL
s4176,NULL,NULL
s4177,Chris Smith,NULL
s4178,Jonathan Helpert,NULL
s4179,NULL,NULL
s4180,NULL,NULL
s4181,André D'Elia,NULL
s4182,Matías Gueilburt,NULL
s4183,Ivan Ayr,NULL
s4184,NULL,NULL
s4185,NULL,NULL
s4186,Skye Borgman,NULL
s4187,Hashim Nadeem Khan,NULL
s4188,NULL,NULL
s4189,Sarjun,NULL
s4190,NULL,NULL
s4191,Feroz,NULL
s4192,Syed Atif Ali,NULL
s4193,Lee Seung-won,NULL
s4194,Rik Reinholdtsen,NULL
s4195,Rocky Soraya,NULL
s4196,Rocky Soraya,NULL
s4197,NULL,NULL
s4198,Gauravv K Chawla,NULL
s4199,Dan Villegas,NULL
s4200,NULL,NULL
s4201,NULL,NULL
s4202,NULL,NULL
s4203,NULL,NULL
s4204,Bent-Jorgen Perlmutt,NULL
s4205,Hugo Stuven,NULL
s4206,Greg Pritikin,NULL
s4207,NULL,NULL
s4208,NULL,NULL
s4209,Kobun Shizuno,Hiroyuki Seshita
s4210,Kunal Kohli,NULL
s4211,Noor Imran Mithu,NULL
s4212,Nonzee Nimibutr,NULL
s4213,Ísold Uggadóttir,NULL
s4214,Lorena Munoz,NULL
s4215,Genevieve Nnaji,NULL
s4216,NULL,NULL
s4217,NULL,NULL
s4218,Terry Gilliam,Terry Jones
s4219,NULL,NULL
s4220,Yanyong Kuruaungkoul,NULL
s4221,NULL,NULL
s4222,Lenin Bharathi,NULL
s4223,Jay Chapman,NULL
s4224,Kunihiko Yuyama,NULL
s4225,Ranjit Jeyakodi,NULL
s4226,Ram,NULL
s4227,NULL,NULL
s4228,NULL,NULL
s4229,John Fortenberry,NULL
s4230,John Fortenberry,NULL
s4231,NULL,NULL
s4232,Chris Bould,NULL
s4233,Chris Bould,NULL
s4234,Kevin Booth,David Johndrow
s4235,Paul M. Green,NULL
s4236,NULL,NULL
s4237,Julio Fernández Talamantes,NULL
s4238,Walter C. Miller,NULL
s4239,Walter C. Miller,NULL
s4240,Walter C. Miller,NULL
s4241,NULL,NULL
s4242,NULL,NULL
s4243,Paul Dugdale,NULL
s4244,Noriyuki Abe,NULL
s4245,Ellen Brown,NULL
s4246,NULL,NULL
s4247,Matt Askem,NULL
s4248,Matt Askem,NULL
s4249,Jay Chapman,NULL
s4250,Rob Zombie,NULL
s4251,NULL,NULL
s4252,NULL,NULL
s4253,Álvaro Brechner,NULL
s4254,NULL,NULL
s4255,NULL,NULL
s4256,Rakesh Mehta,NULL
s4257,NULL,NULL
s4258,NULL,NULL
s4259,Eduardo Chauvet,NULL
s4260,Gonzalo Bendala,NULL
s4261,NULL,NULL
s4262,NULL,NULL
s4263,Noam Murro,NULL
s4264,NULL,NULL
s4265,NULL,NULL
s4266,NULL,NULL
s4267,NULL,NULL
s4268,Kheiron,NULL
s4269,Susanne Bier,NULL
s4270,NULL,NULL
s4271,NULL,NULL
s4272,NULL,NULL
s4273,NULL,NULL
s4274,NULL,NULL
s4275,NULL,NULL
s4276,Irek Dobrowolski,NULL
s4277,NULL,NULL
s4278,Gilbert Chan,NULL
s4279,Rarecho,NULL
s4280,NULL,NULL
s4281,Steve Cheng,NULL
s4282,Sam Loh,NULL
s4283,Jason Lai,NULL
s4284,Samit Kakkad,NULL
s4285,Joel Gallen,Tig Notaro
s4286,Prasobh Vijayan,NULL
s4287,Jon Rosenbaum,NULL
s4288,Sriram Raghavan,NULL
s4289,NULL,NULL
s4290,Elaine Bogan,John Sanford
s4291,NULL,NULL
s4292,Michael Cuesta,NULL
s4293,David Cronenberg,NULL
s4294,Thom Zimny,NULL
s4295,James Marsh,NULL
s4296,Sean Olson,NULL
s4297,NULL,NULL
s4298,Sigrid Andrea Bernardo,NULL
s4299,NULL,NULL
s4300,Matt Askem,NULL
s4301,NULL,NULL
s4302,Matt Askem,NULL
s4303,Guillermo de Oliveira,NULL
s4304,Manoj Beedha,NULL
s4305,NULL,NULL
s4306,NULL,NULL
s4307,Alfonso Cuarón,NULL
s4308,NULL,NULL
s4309,NULL,NULL
s4310,NULL,NULL
s4311,NULL,NULL
s4312,NULL,NULL
s4313,NULL,NULL
s4314,John Hoffman,Nanfu Wang
s4315,Marcus Raboy,NULL
s4316,Marco Risi,NULL
s4317,NULL,NULL
s4318,Anne Fletcher,NULL
s4319,Marek Losey,NULL
s4320,Andy Serkis,NULL
s4321,NULL,NULL
s4322,Mat King,NULL
s4323,Brian Oakes,NULL
s4324,Jacob Joice,NULL
s4325,Bert Marcus,NULL
s4326,Chris Howe,NULL
s4327,NULL,NULL
s4328,NULL,NULL
s4329,Ahsan Rahim,NULL
s4330,Andrew Lau Wai-Keung,NULL
s4331,Cheang Pou Soi,NULL
s4332,Enrique García Meza,NULL
s4333,Katarina Launing,NULL
s4334,Johnnie To,NULL
s4335,Lawrence Cheng,NULL
s4336,Prakash Balwant Saini,NULL
s4337,Nam Ron,NULL
s4338,Johnnie To,NULL
s4339,Johnnie To,NULL
s4340,Baljit Singh Deo,NULL
s4341,NULL,NULL
s4342,Leung Lok Man,Luk Kim-ching
s4343,Jazz Boon,NULL
s4344,Andrew Lau Wai-Keung,NULL
s4345,NULL,NULL
s4346,Felix Chong,NULL
s4347,Dhanush,NULL
s4348,NULL,NULL
s4349,Gary Mak,NULL
s4350,Liu Jiang,NULL
s4351,NULL,NULL
s4352,John Schultz,NULL
s4353,Damien O’Connor,NULL
s4354,NULL,NULL
s4355,Joseduardo Giordano,Sergio Goyri Jr.
s4356,Alice Rohrwacher,NULL
s4357,NULL,NULL
s4358,Nandita Das,NULL
s4359,Leena Yadav,NULL
s4360,NULL,NULL
s4361,Romain Gavras,NULL
s4362,Sebastián Hofmann,NULL
s4363,NULL,NULL
s4364,NULL,NULL
s4365,Denny Lu,Mike Myhre
s4366,NULL,NULL
s4367,NULL,NULL
s4368,NULL,NULL
s4369,NULL,NULL
s4370,Clay Kaytis,NULL
s4371,Fernando Colomo,NULL
s4372,NULL,NULL
s4373,NULL,NULL
s4374,Robert Vince,NULL
s4375,Rocky Soraya,NULL
s4376,Raditya Dika,NULL
s4377,NULL,NULL
s4378,David Paul Meyer,NULL
s4379,Leslie Iwerks,NULL
s4380,NULL,NULL
s4381,NULL,NULL
s4382,NULL,NULL
s4383,Daniel Goldhaber,NULL
s4384,Fred Cavayé,NULL
s4385,NULL,NULL
s4386,Joel Coen,Ethan Coen
s4387,NULL,NULL
s4388,NULL,NULL
s4389,V C Abhilash,NULL
s4390,NULL,NULL
s4391,Justin G. Dyck,NULL
s4392,Nila Madhab Panda,NULL
s4393,Timo Tjahjanto,NULL
s4394,Nakul Singh Sawhney,NULL
s4395,Nishanth Ravindaran,Jathin Sanker Raj
s4396,Swapna Waghmare Joshi,NULL
s4397,Aitor Arregi,Jon Garaño
s4398,Erik Matti,NULL
s4399,Christopher Guest,NULL
s4400,NULL,NULL
s4401,NULL,NULL
s4402,Vincent Kok,NULL
s4403,Christian Zübert,NULL
s4404,NULL,NULL
s4405,David Mackenzie,NULL
s4406,NULL,NULL
s4407,NULL,NULL
s4408,NULL,NULL
s4409,NULL,NULL
s4410,NULL,NULL
s4411,NULL,NULL
s4412,Tejas Prabha Vijay Deoskar,NULL
s4413,NULL,NULL
s4414,NULL,NULL
s4415,Matheus Souza,NULL
s4416,NULL,NULL
s4417,Sara Dosa,NULL
s4418,Bradley Walsh,NULL
s4419,Orson Welles,NULL
s4420,Morgan Neville,NULL
s4421,Indrajit Nattoji,NULL
s4422,Raj Kumar Gupta,NULL
s4423,Remo D'Souza,NULL
s4424,Remo D'Souza,NULL
s4425,Arnab Chaudhuri,NULL
s4426,Rana Ranbir,NULL
s4427,Anurag Basu,NULL
s4428,Ken Ghosh,NULL
s4429,Justin G. Dyck,NULL
s4430,Priyadarshan,Kookie V. Gulati
s4431,NULL,NULL
s4432,Vivek Agnihotri,NULL
s4433,Umesh Shukla,NULL
s4434,Habib Faisal,NULL
s4435,Bobby Roth,NULL
s4436,Halder Gomes,NULL
s4437,NULL,NULL
s4438,Amitoj Mann,NULL
s4439,Raj Kumar Gupta,NULL
s4440,B. Unnikrishnan,NULL
s4441,Milan Luthria,NULL
s4442,Madhur Bhandarkar,NULL
s4443,Sajid Khan,NULL
s4444,Saji Surendran,NULL
s4445,Ksshitij Chaudhary,NULL
s4446,Abhishek Kapoor,NULL
s4447,Sundar C.,NULL
s4448,Gary Binkow,NULL
s4449,Nikhil Advani,NULL
s4450,Anurag Basu,NULL
s4451,Lance Bangs,NULL
s4452,Nishikant Kamat,NULL
s4453,Navinder Pal Singh,NULL
s4454,Raj Kumar Gupta,NULL
s4455,Dibakar Banerjee,NULL
s4456,Tigmanshu Dhulia,NULL
s4457,Kunal Deshmukh,NULL
s4458,Prakash Jha,NULL
s4459,R. Kannan,NULL
s4460,Gaurav Narayanan,NULL
s4461,Kevin Layne,NULL
s4462,NULL,NULL
s4463,Jennifer M. Kroot,NULL
s4464,Akin Omotoso,NULL
s4465,Shyam Benegal,NULL
s4466,NULL,NULL
s4467,Satyajit Bhatkal,NULL
s4468,Dani de la Torre,NULL
s4469,Jerrold Tarog,NULL
s4470,NULL,NULL
s4471,Wilson Yip,NULL
s4472,Tinge Krishnan,NULL
s4473,Aleksey German,NULL
s4474,Sergio Barrejón,NULL
s4475,NULL,NULL
s4476,Sandi Tan,NULL
s4477,NULL,NULL
s4478,Vijay Yelakanti,NULL
s4479,NULL,NULL
s4480,NULL,NULL
s4481,Vlad Yudin,NULL
s4482,S.S. Rajamouli,NULL
s4483,Steve Brill,NULL
s4484,NULL,NULL
s4485,Don Michael Paul,NULL
s4486,NULL,NULL
s4487,Joanna Lombardi,Bruno Ascenzo
s4488,NULL,NULL
s4489,NULL,NULL
s4490,NULL,NULL
s4491,Marcos Bucay,NULL
s4492,NULL,NULL
s4493,Peter Lepeniotis,NULL
s4494,Kim Jee-woon,NULL
s4495,NULL,NULL
s4496,NULL,NULL
s4497,Rajesh Touchriver,NULL
s4498,NULL,NULL
s4499,NULL,NULL
s4500,David Lam,NULL
s4501,Timo Tjahjanto,NULL
s4502,NULL,NULL
s4503,Thiru,NULL
s4504,NULL,NULL
s4505,NULL,NULL
s4506,Tom Forrest,NULL
s4507,Anik Datta,NULL
s4508,Rajkumar Hirani,NULL
s4509,NULL,NULL
s4510,Shaad Ali,NULL
s4511,Gareth Evans,NULL
s4512,NULL,NULL
s4513,Paul Urkijo Alijo,NULL
s4514,Johanna Demetrakas,NULL
s4515,Padraic McKinley,NULL
s4516,Rizal Mantovani,NULL
s4517,Kief Davidson,NULL
s4518,NULL,NULL
s4519,NULL,NULL
s4520,Sara Colangelo,NULL
s4521,NULL,NULL
s4522,NULL,NULL
s4523,Paul Greengrass,NULL
s4524,NULL,NULL
s4525,Rusty Cundieff,Darin Scott
s4526,Stan Lathan,NULL
s4527,Kabir Bhatia,NULL
s4528,NULL,NULL
s4529,Chris Eigeman,NULL
s4530,NULL,NULL
s4531,NULL,NULL
s4532,NULL,NULL
s4533,Olaf de Fleur,NULL
s4534,Tamara Jenkins,NULL
s4535,NULL,NULL
s4536,NULL,NULL
s4537,NULL,NULL
s4538,Kavi Raz,NULL
s4539,Nick Simon,NULL
s4540,Don Michael Paul,NULL
s4541,Eric Idle,Aubrey Powell
s4542,Anthony Giordano,NULL
s4543,NULL,NULL
s4544,Will Yapp,NULL
s4545,Eric Idle,NULL
s4546,Will Yapp,NULL
s4547,NULL,NULL
s4548,Terry Hughes,Ian MacNaughton
s4549,Roger Graef,James Rogan
s4550,NULL,NULL
s4551,NULL,NULL
s4552,NULL,NULL
s4553,Terry Jones,NULL
s4554,NULL,NULL
s4555,Ian MacNaughton,NULL
s4556,Albert Sharpe,NULL
s4557,Simranjit Singh Hundal,NULL
s4558,Justin G. Dyck,NULL
s4559,Ram Gopal Varma,NULL
s4560,N. Linguswamy,NULL
s4561,Deep Joshi,NULL
s4562,Rakeysh Omprakash Mehra,NULL
s4563,Anurag Kashyap,NULL
s4564,Manjeet Maan,NULL
s4565,Shagufta Rafique,NULL
s4566,Shakun Batra,NULL
s4567,Tinu Pappachan,NULL
s4568,Amitoj Mann,NULL
s4569,Amarpreet G S Chabbra,NULL
s4570,Paresh Mokashi,NULL
s4571,NULL,NULL
s4572,Anurag Basu,NULL
s4573,Rohit Jugraj,NULL
s4574,Ashutosh Gowariker,NULL
s4575,Atharv Baluja,NULL
s4576,Vishal Bhardwaj,NULL
s4577,Rohit Jugraj,NULL
s4578,Shashanka Ghosh,NULL
s4579,Puneet Sira,NULL
s4580,Aziz Mirza,NULL
s4581,Renzil D'Silva,NULL
s4582,Smeep Kang,NULL
s4583,Sameer Sharma,NULL
s4584,Chandan Arora,NULL
s4585,Baljit Singh Deo,NULL
s4586,Amitoj Mann,NULL
s4587,Mysskin,NULL
s4588,Rajan Madhav,NULL
s4589,Raaghav Dar,NULL
s4590,Ishi Rudell,NULL
s4591,Ishi Rudell,NULL
s4592,David Lee Miller,NULL
s4593,Thiru,NULL
s4594,Amit Saxena,NULL
s4595,Pankaj Batra,NULL
s4596,Jaivi Dhanda,NULL
s4597,Suman Ghosh,NULL
s4598,Kabir Khan,NULL
s4599,Akshay Akkineni,NULL
s4600,Nidhi Sharma,NULL
s4601,Mastan Alibhai Burmawalla,Abbas Alibhai Burmawalla
s4602,Abbas Alibhai Burmawalla,Mastan Alibhai Burmawalla
s4603,Vipin Parashar,NULL
s4604,Vikram Pradhan,NULL
s4605,NULL,NULL
s4606,Vijay,NULL
s4607,Eduardo Chauvet,NULL
s4608,Sundar C.,NULL
s4609,NULL,NULL
s4610,Sartaj Singh Pannu,NULL
s4611,Vikramaditya Motwane,NULL
s4612,N. Linguswamy,NULL
s4613,Ayaan Mukherji,NULL
s4614,Sidharth Malhotra,NULL
s4615,Saket Behl,NULL
s4616,Anjum Shahzad,NULL
s4617,Ken Kwapis,NULL
s4618,Monique Gardenberg,NULL
s4619,Han Yan,NULL
s4620,Jeremy Saulnier,NULL
s4621,Kim A. Snyder,NULL
s4622,NULL,NULL
s4623,NULL,NULL
s4624,NULL,NULL
s4625,Rocky Soraya,NULL
s4626,Álvaro Longoria,Gerardo Olivares
s4627,Anthony Byrne,NULL
s4628,NULL,NULL
s4629,NULL,NULL
s4630,NULL,NULL
s4631,Rashida Jones,Alan Hicks
s4632,NULL,NULL
s4633,NULL,NULL
s4634,NULL,NULL
s4635,NULL,NULL
s4636,NULL,NULL
s4637,NULL,NULL
s4638,NULL,NULL
s4639,NULL,NULL
s4640,NULL,NULL
s4641,NULL,NULL
s4642,Ariel Vromen,NULL
s4643,Nicole Holofcener,NULL
s4644,NULL,NULL
s4645,NULL,NULL
s4646,NULL,NULL
s4647,Alessio Cremonini,NULL
s4648,NULL,NULL
s4649,NULL,NULL
s4650,Joram Lürsen,NULL
s4651,NULL,NULL
s4652,NULL,NULL
s4653,NULL,NULL
s4654,Madeleine Gavin,NULL
s4655,NULL,NULL
s4656,NULL,NULL
s4657,Kevin R. Adams,Joe Ksander
s4658,Ian Samuels,NULL
s4659,NULL,NULL
s4660,Franck Ribière,NULL
s4661,Rajkumar Hirani,NULL
s4662,Jesse V. Johnson,NULL
s4663,NULL,NULL
s4664,NULL,NULL
s4665,Peter Ho,NULL
s4666,Olivier Marchal,NULL
s4667,Qaushiq Mukherjee,NULL
s4668,Onir,NULL
s4669,Jatla Siddartha,NULL
s4670,Kanwal Sethi,NULL
s4671,NULL,NULL
s4672,Samuel Jouy,NULL
s4673,NULL,NULL
s4674,NULL,NULL
s4675,NULL,NULL
s4676,Mateo Gil,NULL
s4677,NULL,NULL
s4678,NULL,NULL
s4679,NULL,NULL
s4680,Shivam Nair,NULL
s4681,Tanuja Chandra,NULL
s4682,A.R. Murugadoss,NULL
s4683,NULL,NULL
s4684,Jordan Brady,NULL
s4685,Todd Biermann,NULL
s4686,Patrick Graham,NULL
s4687,Mike Clattenburg,NULL
s4688,Han Qing,NULL
s4689,Ian Edelman,NULL
s4690,NULL,NULL
s4691,Ashwiny Iyer Tiwari,NULL
s4692,Atlee Kumar,NULL
s4693,Ravi Udyawar,NULL
s4694,R. Balki,NULL
s4695,Shree Narayan Singh,NULL
s4696,NULL,NULL
s4697,NULL,NULL
s4698,Manuel Martín Cuenca,NULL
s4699,Susan Johnson,NULL
s4700,Y. Joon Chung,NULL
s4701,Vikramaditya Motwane,NULL
s4702,Rucha Humnabadkar,NULL
s4703,NULL,NULL
s4704,NULL,NULL
s4705,NULL,NULL
s4706,Mike Newell,NULL
s4707,Jake Szymanski,NULL
s4708,Floyd Russ,NULL
s4709,Alejandro Montiel,NULL
s4710,NULL,NULL
s4711,NULL,NULL
s4712,NULL,NULL
s4713,Abhishek Varman,NULL
s4714,Sabir Khan,NULL
s4715,Nikhil Nagesh Bhat,NULL
s4716,Xiaoxing Yi,Yoshitaka Takeuchi
s4717,NULL,NULL
s4718,NULL,NULL
s4719,Lauren Miller Rogen,NULL
s4720,Vishal Bhardwaj,NULL
s4721,Vikas Bahl,Nitesh Tiwari
s4722,Madhur Bhandarkar,NULL
s4723,Abhishek Kapoor,NULL
s4724,Khalid Mohamed,NULL
s4725,Sanjay Leela Bhansali,NULL
s4726,Vishal Bhardwaj,NULL
s4727,Imtiaz Ali,NULL
s4728,Punit Malhotra,NULL
s4729,Shirish Kunder,NULL
s4730,Prem Soni,NULL
s4731,Ashutosh Gowariker,NULL
s4732,Prakash Jha,NULL
s4733,Rakeysh Omprakash Mehra,NULL
s4734,Prabhu Deva,NULL
s4735,Imtiaz Ali,NULL
s4736,Mandeep Kumar,NULL
s4737,Anees Bazmee,NULL
s4738,Vishal Bhardwaj,NULL
s4739,NULL,NULL
s4740,Jesse Handsher,Olivier Roland
s4741,Pablo Giorgelli,NULL
s4742,NULL,NULL
s4743,NULL,NULL
s4744,NULL,NULL
s4745,NULL,NULL
s4746,Ted Emery,NULL
s4747,Ted Emery,NULL
s4748,NULL,NULL
s4749,Tony Datis,NULL
s4750,Raúl Campos,Jan Suter
s4751,NULL,NULL
s4752,Ben Young,NULL
s4753,NULL,NULL
s4754,Kirby Dick,NULL
s4755,NULL,NULL
s4756,Abhishek Sharma,NULL
s4757,Steve Paley,NULL
s4758,Daniel Calparsoro,NULL
s4759,NULL,NULL
s4760,NULL,NULL
s4761,Chris Jenkins,NULL
s4762,NULL,NULL
s4763,NULL,NULL
s4764,NULL,NULL
s4765,NULL,NULL
s4766,Alexandre Avancini,NULL
s4767,NULL,NULL
s4768,NULL,NULL
s4769,Alexis Morante,NULL
s4770,Kobun Shizuno,Hiroyuki Seshita
s4771,Clay Glen,NULL
s4772,NULL,NULL
s4773,NULL,NULL
s4774,David M. Rosenthal,NULL
s4775,Scott Zabielski,NULL
s4776,Diego Cohen,NULL
s4777,NULL,NULL
s4778,NULL,NULL
s4779,NULL,NULL
s4780,Lee Eung-bok,NULL
s4781,NULL,NULL
s4782,Raúl Campos,Jan Suter
s4783,Jody Hill,NULL
s4784,Samu Fuentes,NULL
s4785,Alexandre Espigares,NULL
s4786,Kevin Layne,NULL
s4787,Scott L. Montoya,NULL
s4788,Scott L. Montoya,NULL
s4789,Marcus Raboy,NULL
s4790,Sam Voutas,NULL
s4791,Raj Kaushal,NULL
s4792,Bo Burnham,Christopher Storer
s4793,Aziz Mirza,NULL
s4794,K.C. Bokadia,NULL
s4795,Miguel Arteta,NULL
s4796,Nila Madhab Panda,NULL
s4797,Samir Soni,NULL
s4798,Vipul Amrutlal Shah,NULL
s4799,NULL,NULL
s4800,Juan Antonio de la Riva,NULL
s4801,Kabir Sadanand,NULL
s4802,Bert Marcus,Cyrus Saidi
s4803,Shlok Sharma,NULL
s4804,Jay Karas,NULL
s4805,NULL,NULL
s4806,Yayo Herrero,NULL
s4807,Matt Palmer,NULL
s4808,NULL,NULL
s4809,Raúl Campos,Jan Suter
s4810,NULL,NULL
s4811,Rodrigo Triana,NULL
s4812,Elaine McMillion Sheldon,NULL
s4813,Federico D'Alessandro,NULL
s4814,NULL,NULL
s4815,Shannon Hartman,NULL
s4816,NULL,NULL
s4817,Seiji Mizushima,NULL
s4818,Myriam Aziza,NULL
s4819,NULL,NULL
s4820,Gerard Barrett,NULL
s4821,NULL,NULL
s4822,NULL,NULL
s4823,Rene Liu,NULL
s4824,Madeleine Parry,Jon Olb
s4825,NULL,NULL
s4826,Zoya Akhtar,Karan Johar
s4827,Oded Raz,NULL
s4828,Mariana Tschudi,Héctor Gálvez
s4829,Claire Scanlon,NULL
s4830,Ramón Salazar,NULL
s4831,Eduardo Mendoza de Echave,NULL
s4832,NULL,NULL
s4833,NULL,NULL
s4834,Craig Johnson,NULL
s4835,Jeffrey Walker,NULL
s4836,Ulises Valencia,NULL
s4837,NULL,NULL
s4838,NULL,NULL
s4839,NULL,NULL
s4840,Shadab Khan,NULL
s4841,Nattawut Poonpiriya,NULL
s4842,NULL,NULL
s4843,Lynn Shelton,NULL
s4844,Felix Starck,NULL
s4845,NULL,NULL
s4846,NULL,NULL
s4847,NULL,NULL
s4848,Norberto López Amado,NULL
s4849,NULL,NULL
s4850,Raúl Campos,Jan Suter
s4851,Alex Richanbach,NULL
s4852,Marcus Raboy,NULL
s4853,NULL,NULL
s4854,NULL,NULL
s4855,Tig Notaro,NULL
s4856,Kagiso Lediga,NULL
s4857,NULL,NULL
s4858,NULL,NULL
s4859,Brit McAdams,NULL
s4860,Mercedes Cordova,NULL
s4861,Neeraj Pandey,NULL
s4862,Hayao Miyazaki,NULL
s4863,NULL,NULL
s4864,Jay Karas,NULL
s4865,Anthony Abrams,Adam Larson Broder
s4866,NULL,NULL
s4867,Raúl Campos,Jan Suter
s4868,Trey Borzillieri,Barbara Schroeder
s4869,Vince Marcello,NULL
s4870,NULL,NULL
s4871,Bobcat Goldthwait,NULL
s4872,Dani Levy,NULL
s4873,Sonny Mallhi,NULL
s4874,Robert Vince,NULL
s4875,NULL,NULL
s4876,Andrew Niccol,NULL
s4877,Isabelle Nanty,NULL
s4878,Rob Epstein,Jeffrey Friedman
s4879,Antonio Morabito,NULL
s4880,NULL,NULL
s4881,Rene Bueno,NULL
s4882,John Woo,NULL
s4883,Patricia Ferreira,NULL
s4884,Fernando Ayllón,NULL
s4885,Jimmy Henderson,NULL
s4886,Devashish Makhija,NULL
s4887,Amal Neerad,NULL
s4888,Fluvio Iannuci,Roly Santos
s4889,Julius R. Nasso,NULL
s4890,Lucas Figueroa,NULL
s4891,Alex Timbers,NULL
s4892,Justin G. Dyck,NULL
s4893,NULL,NULL
s4894,Alfonso Rodríguez,NULL
s4895,NULL,NULL
s4896,NULL,NULL
s4897,NULL,NULL
s4898,Guillermo Garcia,David Cantolla
s4899,NULL,NULL
s4900,Priyadarshan,NULL
s4901,NULL,NULL
s4902,Dito Montiel,NULL
s4903,Vicente Villanueva,NULL
s4904,NULL,NULL
s4905,Amit Roy,NULL
s4906,Teddy Lussi-Modeste,NULL
s4907,Dawn Porter,NULL
s4908,Ben Shelton,NULL
s4909,NULL,NULL
s4910,Curro Velázquez,NULL
s4911,NULL,NULL
s4912,Laura Brownson,NULL
s4913,Robert Smigel,NULL
s4914,NULL,NULL
s4915,NULL,NULL
s4916,Max Amini,NULL
s4917,Jason Sussberg,David Alvarado
s4918,Célia Catunda,Kiko Mistrorigo
s4919,Sang-ho Yeon,NULL
s4920,Andy Fickman,NULL
s4921,Olivia Milch,NULL
s4922,Mark Raso,NULL
s4923,David Sington,Heather Walsh
s4924,Pedro Coutinho,NULL
s4925,NULL,NULL
s4926,NULL,NULL
s4927,NULL,NULL
s4928,Liam O'Donnell,NULL
s4929,Joshua Marston,NULL
s4930,Eleonore Pourriat,NULL
s4931,NULL,NULL
s4932,Peter Webber,NULL
s4933,Peter Orton,NULL
s4934,NULL,NULL
s4935,Marja Lewis Ryan,NULL
s4936,Ryan Koo,NULL
s4937,Hatem Khraiche,NULL
s4938,Derek Peck,NULL
s4939,Ryan Polito,NULL
s4940,Jennifer Morrison,NULL
s4941,Raúl Campos,Jan Suter
s4942,NULL,NULL
s4943,NULL,NULL
s4944,Hèctor Hernández Vicens,NULL
s4945,Kader Aoun,NULL
s4946,Abhay Chopra,NULL
s4947,NULL,NULL
s4948,Diego Lerman,NULL
s4949,Priyadarshan,NULL
s4950,NULL,NULL
s4951,Ryan Polito,NULL
s4952,NULL,NULL
s4953,Farah Khan,NULL
s4954,Ananda Krishnan,NULL
s4955,Farah Khan,NULL
s4956,Amol Palekar,NULL
s4957,Aziz Mirza,NULL
s4958,NULL,NULL
s4959,Joe Miale,NULL
s4960,Olivia Newman,NULL
s4961,Jared Stern,NULL
s4962,NULL,NULL
s4963,Raúl Campos,Jan Suter
s4964,Lennart Ruff,NULL
s4965,NULL,NULL
s4966,Mike Clattenburg,NULL
s4967,Mike Clattenburg,NULL
s4968,NULL,NULL
s4969,Dan Lucchesi,NULL
s4970,Mikhail Red,NULL
s4971,Kyle Newacheck,NULL
s4972,Mijke de Jong,NULL
s4973,Daryl Hannah,NULL
s4974,NULL,NULL
s4975,Michael Larnell,NULL
s4976,Advait Chandan,NULL
s4977,NULL,NULL
s4978,Brandon Camp,NULL
s4979,NULL,NULL
s4980,Alison Klayman,NULL
s4981,NULL,NULL
s4982,Yoo Byung-jae,NULL
s4983,Sunao Katabuchi,NULL
s4984,Johan Brisinger,NULL
s4985,NULL,NULL
s4986,NULL,NULL
s4987,Maria Sadowska,NULL
s4988,Yang Woo-seok,NULL
s4989,NULL,NULL
s4990,John L. Spencer,NULL
s4991,Victor Cook,NULL
s4992,Kazuya Murata,NULL
s4993,NULL,NULL
s4994,Martin Zandvliet,NULL
s4995,NULL,NULL
s4996,Uraaz Bahl,NULL
s4997,Paul Solet,Rick Benattar
s4998,NULL,NULL
s4999,Michael Simon,NULL
s5000,Ben Wallis,NULL
s5001,NULL,NULL
s5002,Raúl Campos,Jan Suter
s5003,Raúl Campos,Jan Suter
s5004,Robin Aubert,NULL
s5005,NULL,NULL
s5006,NULL,NULL
s5007,Mitch Gould,NULL
s5008,Mani Ratnam,NULL
s5009,Mani Ratnam,NULL
s5010,David Dhawan,NULL
s5011,RZA,NULL
s5012,Lars Büchel,NULL
s5013,Amit Barot,NULL
s5014,Carlo Padial,NULL
s5015,Ashutosh Gowariker,NULL
s5016,Mike Smith,John Paul Tremblay
s5017,Mike Smith,John Paul Tremblay
s5018,Mike Smith,John Paul Tremblay
s5019,Mike Clattenburg,NULL
s5020,Mike Clattenburg,NULL
s5021,Milind Dhaimade,NULL
s5022,Mani Ratnam,NULL
s5023,Hong-seon Kim,NULL
s5024,NULL,NULL
s5025,Marcus Raboy,NULL
s5026,Paco Plaza,NULL
s5027,NULL,NULL
s5028,NULL,NULL
s5029,Duncan Jones,NULL
s5030,NULL,NULL
s5031,NULL,NULL
s5032,Hang-Jun Jang,NULL
s5033,NULL,NULL
s5034,Fumihiko Sori,NULL
s5035,Mariano Baez,NULL
s5036,NULL,NULL
s5037,NULL,NULL
s5038,Stephanie Laing,NULL
s5039,NULL,NULL
s5040,Bo Burnham,NULL
s5041,Anand Tiwari,NULL
s5042,Roberta Grossman,Sophie Sartain
s5043,David Bruckner,NULL
s5044,Tamta Gabrichidze,NULL
s5045,Ari Sandel,NULL
s5046,Lance Bangs,NULL
s5047,NULL,NULL
s5048,Julius Onah,NULL
s5049,NULL,NULL
s5050,Michael McKay,NULL
s5051,Ildiko Enyedi,NULL
s5052,You-Jeong Chang,NULL
s5053,NULL,NULL
s5054,Drake Doremus,NULL
s5055,Dan Forrer,NULL
s5056,Selima Taibi,NULL
s5057,Marty Callner,NULL
s5058,NULL,NULL
s5059,Javier Ambrossi,Javier Calvo
s5060,David Wain,NULL
s5061,Michael McKay,NULL
s5062,NULL,NULL
s5063,Raúl Campos,Jan Suter
s5064,NULL,NULL
s5065,Isaac Florentine,NULL
s5066,NULL,NULL
s5067,Raúl Campos,Jan Suter
s5068,Scott Moran,NULL
s5069,Santiago Diaz,Pablo Martin Farina
s5070,NULL,NULL
s5071,NULL,NULL
s5072,Michael McKay,NULL
s5073,Charles Stone III,NULL
s5074,Matt Angel,Suzanne Coote
s5075,Chris Baugh,NULL
s5076,NULL,NULL
s5077,Raúl Campos,Jan Suter
s5078,Kobun Shizuno,Hiroyuki Seshita
s5079,NULL,NULL
s5080,Latif Faiziyev,Umesh Mehra
s5081,Rajiv Mehra,NULL
s5082,Rhiannon Bannenberg,NULL
s5083,NULL,NULL
s5084,David Mrnka,NULL
s5085,Maya Forbes,NULL
s5086,Choi Jin-seong,NULL
s5087,Jay Karas,NULL
s5088,NULL,NULL
s5089,Milind Rau,NULL
s5090,NULL,NULL
s5091,NULL,NULL
s5092,Mike Flanagan,NULL
s5093,Masaaki Yuasa,NULL
s5094,Craig Elrod,NULL
s5095,Jose Manuel Colón,NULL
s5096,NULL,NULL
s5097,Yasuhiro Irie,NULL
s5098,NULL,NULL
s5099,NULL,NULL
s5100,NULL,NULL
s5101,Stan Lathan,NULL
s5102,Alethea Jones,NULL
s5103,Jay Baruchel,NULL
s5104,NULL,NULL
s5105,Ludovic Bernard,NULL
s5106,NULL,NULL
s5107,Detlev Buck,NULL
s5108,Noël Wells,NULL
s5109,Jay Chapman,NULL
s5110,NULL,NULL
s5111,Patrick Brice,NULL
s5112,Daniel Kontur,NULL
s5113,NULL,NULL
s5114,David Ayer,NULL
s5115,Diego Kaplan,NULL
s5116,Marco Deufemia,Justin G. Dyck
s5117,Lydia Tenaglia,NULL
s5118,Peter Orton,NULL
s5119,NULL,NULL
s5120,NULL,NULL
s5121,NULL,NULL
s5122,Ernie Barbarash,NULL
s5123,Varun Narvekar,NULL
s5124,Seth Henrikson,NULL
s5125,Benson Lee,NULL
s5126,NULL,NULL
s5127,NULL,NULL
s5128,Marcus Raboy,NULL
s5129,NULL,NULL
s5130,David E. Talbert,NULL
s5131,Umesh Mehra,NULL
s5132,Latif Faiziyev,Umesh Mehra
s5133,Drew Heriot,NULL
s5134,Joel Crawford,NULL
s5135,Jay Chapman,NULL
s5136,Imtiaz Ali,NULL
s5137,Michael Barrett,NULL
s5138,Evan Spiridellis,Jeff Gill
s5139,NULL,NULL
s5140,NULL,NULL
s5141,NULL,NULL
s5142,NULL,NULL
s5143,Leopoldo Aguilar,NULL
s5144,Nana Ekvtimishvili,Simon Gross
s5145,Olivier Jean-Marie,NULL
s5146,NULL,NULL
s5147,Ali F. Mostafa,NULL
s5148,NULL,NULL
s5149,Myles Kane,Josh Koury
s5150,NULL,NULL
s5151,NULL,NULL
s5152,Shreyas Talpade,NULL
s5153,Jon Alpert,NULL
s5154,Ibai Abad,NULL
s5155,NULL,NULL
s5156,NULL,NULL
s5157,David Ayer,NULL
s5158,NULL,NULL
s5159,Barbra Streisand,Jim Gable
s5160,NULL,NULL
s5161,Josh Wakely,NULL
s5162,Troy Miller,NULL
s5163,Jacob Kornbluth,NULL
s5164,Alex Zamm,NULL
s5165,Chris Smith,NULL
s5166,NULL,NULL
s5167,NULL,NULL
s5168,Dee Rees,NULL
s5169,NULL,NULL
s5170,NULL,NULL
s5171,NULL,NULL
s5172,Marcus Raboy,NULL
s5173,Alain Desrochers,NULL
s5174,NULL,NULL
s5175,Go Koga,NULL
s5176,NULL,NULL
s5177,Raúl Campos,Jan Suter
s5178,Marcelo Galvão,NULL
s5179,NULL,NULL
s5180,Christian Charles,NULL
s5181,NULL,NULL
s5182,Bronwen Hughes,NULL
s5183,John Ridley,NULL
s5184,Anees Bazmee,NULL
s5185,Pali Yahya,NULL
s5186,NULL,NULL
s5187,Alo Sarkar,NULL
s5188,Iñaki Dorronsoro,NULL
s5189,Ali Bin Matar,Ibrahim Bin Mohamed
s5190,Ali Samadi Ahadi,NULL
s5191,D Ho,NULL
s5192,NULL,NULL
s5193,NULL,NULL
s5194,NULL,NULL
s5195,NULL,NULL
s5196,NULL,NULL
s5197,Judah Friedlander,NULL
s5198,Errol Morris,NULL
s5199,Alex Israel,NULL
s5200,Robert Vince,NULL
s5201,NULL,NULL
s5202,Griffin Dunne,NULL
s5203,Katherine Dieckmann,NULL
s5204,Quentin Tarantino,NULL
s5205,Brian Klein,NULL
s5206,NULL,NULL
s5207,NULL,NULL
s5208,Zak Hilditch,NULL
s5209,NULL,NULL
s5210,Heidi Ewing,Rachel Grady
s5211,NULL,NULL
s5212,Jeremy Rush,NULL
s5213,Reem Kherici,NULL
s5214,Bobcat Goldthwait,NULL
s5215,Milan Luthria,NULL
s5216,NULL,NULL
s5217,NULL,NULL
s5218,Ranjit Tiwari,NULL
s5219,David Stubbs,NULL
s5220,NULL,NULL
s5221,Shakti Samanta,NULL
s5222,NULL,NULL
s5223,Mahmoud al Massad,NULL
s5224,Yesim Ustaoglu,NULL
s5225,Jan Suter,NULL
s5226,Lucy Cohen,NULL
s5227,McG,NULL
s5228,Noah Baumbach,NULL
s5229,Mahmoud Sabbagh,NULL
s5230,Borja Cobeaga,NULL
s5231,Jay Karas,NULL
s5232,NULL,NULL
s5233,NULL,NULL
s5234,David France,NULL
s5235,Brandon Jones,NULL
s5236,Geun-hyun Cho,NULL
s5237,NULL,NULL
s5238,NULL,NULL
s5239,Carlos Therón,NULL
s5240,Francesco Carrozzini,NULL
s5241,Vlad Yudin,NULL
s5242,Karen J. Lloyd,NULL
s5243,NULL,NULL
s5244,NULL,NULL
s5245,NULL,NULL
s5246,NULL,NULL
s5247,NULL,NULL
s5248,NULL,NULL
s5249,Vibeke Idsøe,NULL
s5250,Carlos Algara,Alejandro Martinez-Beltran
s5251,NULL,NULL
s5252,NULL,NULL
s5253,Mike Flanagan,NULL
s5254,Jacob LaMendola,NULL
s5255,NULL,NULL
s5256,Ritesh Batra,NULL
s5257,Dylan Howitt,NULL
s5258,NULL,NULL
s5259,NULL,NULL
s5260,NULL,NULL
s5261,Nabil Ayouch,NULL
s5262,Louis J. Horvitz,NULL
s5263,NULL,NULL
s5264,NULL,NULL
s5265,Warren P. Sonoda,NULL
s5266,Álex de la Iglesia,NULL
s5267,Chris Moukarbel,NULL
s5268,Ana Lily Amirpour,NULL
s5269,Michael Bonfiglio,NULL
s5270,Conrad Helten,NULL
s5271,Angelina Jolie,NULL
s5272,Yance Ford,NULL
s5273,NULL,NULL
s5274,Ben Wallis,NULL
s5275,NULL,NULL
s5276,Elaine McMillion Sheldon,NULL
s5277,Michael Simon,NULL
s5278,Fernando Lebrija,NULL
s5279,NULL,NULL
s5280,Rodrigo Toro,Francisco Schultz
s5281,NULL,NULL
s5282,José Miguel Contreras,NULL
s5283,Susan Johnson,NULL
s5284,Lynn Shelton,NULL
s5285,NULL,NULL
s5286,NULL,NULL
s5287,NULL,NULL
s5288,NULL,NULL
s5289,NULL,NULL
s5290,NULL,NULL
s5291,Rajiv Mehra,NULL
s5292,NULL,NULL
s5293,Toshiyuki Kubooka,NULL
s5294,Toshiyuki Kubooka,NULL
s5295,Todd S. Yellin,NULL
s5296,NULL,NULL
s5297,Rajiv Mehra,NULL
s5298,NULL,NULL
s5299,NULL,NULL
s5300,NULL,NULL
s5301,Mohammed Hussain,NULL
s5302,NULL,NULL
s5303,Eli Craig,NULL
s5304,Shammi Kapoor,NULL
s5305,Umesh Mehra,NULL
s5306,NULL,NULL
s5307,Florian Schnell,NULL
s5308,Josh Izenberg,Wynn Padula
s5309,Thierry Demaizière,Alban Teurlai
s5310,Latif Faiziyev,Umesh Mehra
s5311,Gastón Duprat,Mariano Cohn
s5312,Gary Wang,NULL
s5313,Raz Degan,NULL
s5314,Israel Adrián Caetano,NULL
s5315,Mariano Cohn,Gastón Duprat
s5316,Marcus Raboy,NULL
s5317,Sarah Adina Smith,NULL
s5318,Cate Shortland,NULL
s5319,Adam Wingard,NULL
s5320,Marcus Raboy,NULL
s5321,NULL,NULL
s5322,NULL,NULL
s5323,Daniel Lindsay,T.J. Martin
s5324,Tommy Wirkola,NULL
s5325,NULL,NULL
s5326,Jay Chapman,NULL
s5327,Jay Chapman,NULL
s5328,NULL,NULL
s5329,Peter Hutchings,NULL
s5330,Jean-Claude La Marre,NULL
s5331,Jorge Hernandez Aldana,NULL
s5332,Michael Tiddes,NULL
s5333,Will Canon,NULL
s5334,Ernie Barbarash,NULL
s5335,S.S. Rajamouli,NULL
s5336,S.S. Rajamouli,NULL
s5337,S.S. Rajamouli,NULL
s5338,S.S. Rajamouli,NULL
s5339,S.S. Rajamouli,NULL
s5340,S.S. Rajamouli,NULL
s5341,Rob Silvestri,NULL
s5342,Matthias Hoene,NULL
s5343,Raúl Campos,Jan Suter
s5344,Bryan Fogel,NULL
s5345,Fabrice Du Welz,NULL
s5346,NULL,NULL
s5347,Fernando González Molina,NULL
s5348,NULL,NULL
s5349,NULL,NULL
s5350,NULL,NULL
s5351,NULL,NULL
s5352,John Butler,NULL
s5353,NULL,NULL
s5354,Ali Scher,NULL
s5355,NULL,NULL
s5356,NULL,NULL
s5357,NULL,NULL
s5358,Maz Jobrani,NULL
s5359,Isaac Rentz,NULL
s5360,Clay Glen,NULL
s5361,NULL,NULL
s5362,Christopher Murray,NULL
s5363,NULL,NULL
s5364,NULL,NULL
s5365,Claude Lelouch,NULL
s5366,NULL,NULL
s5367,NULL,NULL
s5368,Vanessa Roth,NULL
s5369,Jim Strouse,NULL
s5370,Daniel Gray Longino,NULL
s5371,Kasper Collin,NULL
s5372,Fazila Allana,NULL
s5373,Eric Abrams,NULL
s5374,Agustí Villaronga,NULL
s5375,Esteban Crespo,NULL
s5376,Harry Chaskin,NULL
s5377,Jeff Orlowski,NULL
s5378,Marti Noxon,NULL
s5379,Jay Chapman,NULL
s5380,Jay Chapman,NULL
s5381,NULL,NULL
s5382,Stefan Brogren,NULL
s5383,NULL,NULL
s5384,NULL,NULL
s5385,NULL,NULL
s5386,Pat Healy,NULL
s5387,NULL,NULL
s5388,Nicolas Brossette,NULL
s5389,Serdar Akar,NULL
s5390,Clay Glen,NULL
s5391,NULL,NULL
s5392,Lekh Tandon,NULL
s5393,NULL,NULL
s5394,NULL,NULL
s5395,Doesjka van Hoogdalem,NULL
s5396,NULL,NULL
s5397,Sushil Majumdar,NULL
s5398,NULL,NULL
s5399,Geetu Mohandas,NULL
s5400,NULL,NULL
s5401,Lekh Tandon,NULL
s5402,NULL,NULL
s5403,Paulo Oriol,NULL
s5404,NULL,NULL
s5405,NULL,NULL
s5406,NULL,NULL
s5407,NULL,NULL
s5408,NULL,NULL
s5409,Umesh Mehra,NULL
s5410,NULL,NULL
s5411,NULL,NULL
s5412,Oskar Santos,NULL
s5413,NULL,NULL
s5414,NULL,NULL
s5415,NULL,NULL
s5416,Bong Joon Ho,NULL
s5417,Bill D'Elia,NULL
s5418,Justin Kelly,NULL
s5419,Brian Knappenberger,NULL
s5420,Brent Bonacorso,NULL
s5421,Nitesh Tiwari,NULL
s5422,NULL,NULL
s5423,NULL,NULL
s5424,Roy Burdine,Johnny Castuciano
s5425,Scott Moran,NULL
s5426,NULL,NULL
s5427,Jay Bulger,NULL
s5428,Kip Andersen,Keegan Kuhn
s5429,Iginio Straffi,NULL
s5430,Arun Chidambaram,NULL
s5431,Caio Cobra,NULL
s5432,Cal Seville,NULL
s5433,Michael John Warren,NULL
s5434,NULL,NULL
s5435,NULL,NULL
s5436,Chang-Min Lee,NULL
s5437,NULL,NULL
s5438,NULL,NULL
s5439,NULL,NULL
s5440,NULL,NULL
s5441,Oren Uziel,NULL
s5442,Manika Sharma,NULL
s5443,Timo Tjahjanto,Kimo Stamboel
s5444,Salvador Calvo,NULL
s5445,NULL,NULL
s5446,NULL,NULL
s5447,Jun-seong Kim,NULL
s5448,Umesh Mehra,NULL
s5449,Edward Cotterill,NULL
s5450,Onur Tukel,NULL
s5451,Cal Seville,NULL
s5452,Edward Cotterill,NULL
s5453,Jayaprakash Radhakrishnan,NULL
s5454,Rob Meyer,NULL
s5455,Anita Barbosa,NULL
s5456,Ketan Mehta,NULL
s5457,Daniel Wilner,NULL
s5458,NULL,NULL
s5459,NULL,NULL
s5460,NULL,NULL
s5461,Ketan Mehta,NULL
s5462,Lekh Tandon,NULL
s5463,Umesh Mehra,NULL
s5464,Alberto Rodríguez,NULL
s5465,NULL,NULL
s5466,NULL,NULL
s5467,Edward Cotterill,NULL
s5468,Cosima Spender,NULL
s5469,Liam Lynch,NULL
s5470,Vishal Bhardwaj,NULL
s5471,NULL,NULL
s5472,Joe Piscatella,NULL
s5473,Rahul Dholakia,NULL
s5474,David Michôd,NULL
s5475,Jean-Patrick Benes,NULL
s5476,Christopher Storer,NULL
s5477,Hiroyuki Seshita,NULL
s5478,NULL,NULL
s5479,Lygia Barbosa da Silva,Eliane Brum
s5480,NULL,NULL
s5481,Ryan Polito,NULL
s5482,Rajiv Mehra,NULL
s5483,Kundan Shah,NULL
s5484,So Yong Kim,NULL
s5485,Alina Teodorescu,NULL
s5486,Rajiv Mehra,NULL
s5487,Filip Renc,NULL
s5488,Andy Tennant,NULL
s5489,NULL,NULL
s5490,Dylan Bank,Daniel DiMauro
s5491,Sean Foley,NULL
s5492,Pierre Coré,NULL
s5493,Liz Plonka,NULL
s5494,Jeff Garlin,NULL
s5495,NULL,NULL
s5496,Jan Suter,Raúl Campos
s5497,Michael Barnett,NULL
s5498,Jessica Yu,NULL
s5499,K. Rajagopal,NULL
s5500,Mahesh Bhatt,NULL
s5501,Praveen Nischol,NULL
s5502,Lucien Jean-Baptiste,NULL
s5503,Jalil Lespert,NULL
s5504,Edward Cotterill,NULL
s5505,Sean Cisterna,NULL
s5506,Sudhanshu Saria,NULL
s5507,Dilip Mehta,NULL
s5508,Isaki Lacuesta,Isa Campo
s5509,Kitty Green,NULL
s5510,NULL,NULL
s5511,NULL,NULL
s5512,Spike Lee,NULL
s5513,Evan Katz,NULL
s5514,NULL,NULL
s5515,NULL,NULL
s5516,Gauri Shinde,NULL
s5517,Oliver Schmitz,NULL
s5518,Felix Herngren,Måns Herngren
s5519,Marcus Raboy,NULL
s5520,NULL,NULL
s5521,NULL,NULL
s5522,Jill Bauer,Ronna Gradus
s5523,Fernando Coimbra,NULL
s5524,NULL,NULL
s5525,Adam Leon,NULL
s5526,Jay Chapman,NULL
s5527,Detlev Buck,NULL
s5528,Detlev Buck,NULL
s5529,Detlev Buck,NULL
s5530,Andrea Molaioli,NULL
s5531,Kemi Adetiba,NULL
s5532,Marie Madinier,NULL
s5533,Miguel Ángel Lamata,NULL
s5534,Steven Brill,NULL
s5535,Antonio Serrano,NULL
s5536,Leslie Small,NULL
s5537,Grant S. Johnson,Ippsie Jones
s5538,NULL,NULL
s5539,NULL,NULL
s5540,Gerardo Olivares,NULL
s5541,Joe Swanberg,NULL
s5542,Louis C.K.,NULL
s5543,NULL,NULL
s5544,Alexandre Reinecke,NULL
s5545,Jamal Hill,NULL
s5546,K. Ramanlal,NULL
s5547,Maris Curran,NULL
s5548,Avinash Arun,NULL
s5549,Jason Spingarn-Koff,NULL
s5550,A. Salaam,NULL
s5551,Eduardo Casanova,NULL
s5552,Daniel Burman,NULL
s5553,Kike Maíllo,NULL
s5554,NULL,NULL
s5555,Laurent Bouzereau,NULL
s5556,Gordon Anderson,NULL
s5557,Charlie McDowell,NULL
s5558,Shannon Hartman,NULL
s5559,NULL,NULL
s5560,Diego Pignataro,NULL
s5561,Meghan O'Hara,NULL
s5562,Tommy O'Haver,NULL
s5563,Stan Lathan,NULL
s5564,NULL,NULL
s5565,Lonny Price,NULL
s5566,Sydney Freeland,NULL
s5567,NULL,NULL
s5568,NULL,NULL
s5569,Jung-woo Park,NULL
s5570,NULL,NULL
s5571,James Ivory,NULL
s5572,Santosh Sivan,NULL
s5573,Erik Canuel,NULL
s5574,Peter Middleton,James Spinney
s5575,Shashilal K. Nair,NULL
s5576,NULL,NULL
s5577,Shannon Hartman,NULL
s5578,Marcel Barrena,NULL
s5579,NULL,NULL
s5580,Gerard McMurray,NULL
s5581,NULL,NULL
s5582,Yilmaz Erdogan,NULL
s5583,Amy Schumer,NULL
s5584,NULL,NULL
s5585,Selvamani Selvaraj,NULL
s5586,NULL,NULL
s5587,Seth Barrish,Mike Birbiglia
s5588,Abhinay Deo,NULL
s5589,Lô Politi,NULL
s5590,Tomas Portella,NULL
s5591,Macon Blair,NULL
s5592,NULL,NULL
s5593,NULL,NULL
s5594,NULL,NULL
s5595,David Paul Meyer,NULL
s5596,Mar Targarona,NULL
s5597,Keith Scholey,NULL
s5598,Juan Pablo Buscarini,NULL
s5599,NULL,NULL
s5600,Nishikant Kamat,NULL
s5601,Thomas Stuber,NULL
s5602,NULL,NULL
s5603,Sam Dunn,Scot McFadyen
s5604,NULL,NULL
s5605,Raúl Arévalo,NULL
s5606,Matías Bize,NULL
s5607,Michael Paul Stephenson,NULL
s5608,Colin Dench,NULL
s5609,NULL,NULL
s5610,NULL,NULL
s5611,Ricky Gervais,NULL
s5612,NULL,NULL
s5613,Joachim Fest,Christian Herrendoerfer
s5614,Scott Aukerman,Akiva Schaffer
s5615,Raúl Campos,Jan Suter
s5616,Malik Vitthal,NULL
s5617,Rohit Shetty,NULL
s5618,Farah Khan,NULL
s5619,Shlok Sharma,NULL
s5620,Joaquín Mazón,NULL
s5621,Jonás Trueba,NULL
s5622,Peter DeLuise,NULL
s5623,Jay Karas,NULL
s5624,Alejandra Márquez Abella,NULL
s5625,Sébastien Betbeder,NULL
s5626,Adam Randall,NULL
s5627,Marco Dutra,NULL
s5628,Marcus Raboy,NULL
s5629,Mario Rouleau,NULL
s5630,Aniruddha Roy Chowdhury,NULL
s5631,Chester Tam,NULL
s5632,Neal Brennan,NULL
s5633,Hannes Stöhr,NULL
s5634,Andreas Prochaska,NULL
s5635,Maximilian Erlenwein,NULL
s5636,Burhan Qurbani,NULL
s5637,Hubert Woroniecki,NULL
s5638,Alistair Legrand,NULL
s5639,Mir-Jean Bou Chaaya,NULL
s5640,Jeannie Gaffigan,NULL
s5641,NULL,NULL
s5642,Babak Anvari,NULL
s5643,Emily Hagins,NULL
s5644,Greg Richardson,NULL
s5645,Uwe Boll,NULL
s5646,Mitch Schauer,NULL
s5647,Lance Bangs,NULL
s5648,Rohit Mittal,NULL
s5649,Steve Hickner,Simon J. Smith
s5650,Jalil Lespert,NULL
s5651,NULL,NULL
s5652,Abhishek Chaubey,NULL
s5653,Diego Luna,NULL
s5654,NULL,NULL
s5655,NULL,NULL
s5656,NULL,NULL
s5657,Jorge Michel Grau,NULL
s5658,Riki Lindhome,Jeremy Konner
s5659,NULL,NULL
s5660,Thomas Astruc,NULL
s5661,Manny Rodriguez,NULL
s5662,Vikram Gandhi,NULL
s5663,NULL,NULL
s5664,Sean Hanish,NULL
s5665,Sinan Akkus,NULL
s5666,NULL,NULL
s5667,Matt Bell,NULL
s5668,NULL,NULL
s5669,NULL,NULL
s5670,NULL,NULL
s5671,NULL,NULL
s5672,NULL,NULL
s5673,NULL,NULL
s5674,NULL,NULL
s5675,James Hawes,NULL
s5676,NULL,NULL
s5677,Elite Zexer,NULL
s5678,NULL,NULL
s5679,Raúl Campos,Jan Suter
s5680,Alex Lehmann,NULL
s5681,NULL,NULL
s5682,James Yukich,NULL
s5683,Nic Mathieu,NULL
s5684,NULL,NULL
s5685,NULL,NULL
s5686,Chris Kelly,NULL
s5687,NULL,NULL
s5688,Alex Lehmann,NULL
s5689,Roman Gackowski,NULL
s5690,Benjamin Dickinson,NULL
s5691,NULL,NULL
s5692,Sacha Wolff,NULL
s5693,NULL,NULL
s5694,Adam Nimoy,NULL
s5695,Elizabeth Wood,NULL
s5696,Robert McCullough Jr.,NULL
s5697,Shrihari Sathe,NULL
s5698,Ralph Macchio,NULL
s5699,Ricardo Maldonado,NULL
s5700,NULL,NULL
s5701,NULL,NULL
s5702,Vetrimaaran,NULL
s5703,Linas Phillips,NULL
s5704,NULL,NULL
s5705,Jeff Margolis,NULL
s5706,Bauddhayan Mukherji,NULL
s5707,María Jose Cuevas,NULL
s5708,NULL,NULL
s5709,Oz Rodriguez,NULL
s5710,Chris Sparling,NULL
s5711,Qaushiq Mukherjee,NULL
s5712,Jan Suter,Raúl Campos Delgado
s5713,Shannon Hartman,Michelle Caputo
s5714,Jerry Seinfeld,NULL
s5715,Houda Benyamina,NULL
s5716,NULL,NULL
s5717,NULL,NULL
s5718,Volker Weicker,NULL
s5719,Manjeet Singh,NULL
s5720,Jeff Wadlow,NULL
s5721,NULL,NULL
s5722,Lorene Machado,NULL
s5723,NULL,NULL
s5724,NULL,NULL
s5725,Marcus Raboy,NULL
s5726,Kief Davidson,Richard Ladkani
s5727,Richard Mears,NULL
s5728,NULL,NULL
s5729,NULL,NULL
s5730,NULL,NULL
s5731,NULL,NULL
s5732,NULL,NULL
s5733,NULL,NULL
s5734,Heidi Ewing,Rachel Grady
s5735,Moto Sakakibara,NULL
s5736,Emilio Martínez Lázaro,NULL
s5737,Robert Vince,NULL
s5738,Osgood Perkins,NULL
s5739,Werner Herzog,NULL
s5740,Julien Rambaldi,NULL
s5741,Yvan Attal,NULL
s5742,NULL,NULL
s5743,Benjamin Weill,NULL
s5744,Roger Gual,NULL
s5745,NULL,NULL
s5746,Anthony Giordano,NULL
s5747,Thomas Sorriaux,NULL
s5748,Toshiyuki Kubooka,NULL
s5749,Noriyuki Abe,NULL
s5750,Noriyuki Abe,NULL
s5751,Clovis Cornillac,NULL
s5752,NULL,NULL
s5753,NULL,NULL
s5754,NULL,NULL
s5755,Kevin MacDonald,NULL
s5756,Christopher Guest,NULL
s5757,Jonathan Demme,NULL
s5758,Ava DuVernay,NULL
s5759,Dave Higby,NULL
s5760,NULL,NULL
s5761,Richie Smyth,NULL
s5762,Michael D. Black,NULL
s5763,NULL,NULL
s5764,NULL,NULL
s5765,Riccardo Pilizzeri,NULL
s5766,Guilherme Fontes,NULL
s5767,NULL,NULL
s5768,Aamir Bashir,NULL
s5769,NULL,NULL
s5770,NULL,NULL
s5771,Alejandro Fernández Almendras,NULL
s5772,NULL,NULL
s5773,Álex de la Iglesia,NULL
s5774,Ishi Rudell,NULL
s5775,David Schalko,NULL
s5776,NULL,NULL
s5777,Pieter Kuijpers,NULL
s5778,NULL,NULL
s5779,Prashant Nair,NULL
s5780,Paul Taublieb,Jon Freeman
s5781,Riccardo Milani,NULL
s5782,NULL,NULL
s5783,Rod Blackhurst,Brian McGinn
s5784,Bonni Cohen,Jon Shenk
s5785,Bobcat Goldthwait,NULL
s5786,NULL,NULL
s5787,NULL,NULL
s5788,NULL,NULL
s5789,NULL,NULL
s5790,NULL,NULL
s5791,NULL,NULL
s5792,NULL,NULL
s5793,Tony Elliott,NULL
s5794,Troy Miller,NULL
s5795,Louis C.K.,NULL
s5796,Orlando von Einsiedel,NULL
s5797,Dan Forrer,NULL
s5798,Dan Krauss,NULL
s5799,NULL,NULL
s5800,NULL,NULL
s5801,NULL,NULL
s5802,NULL,NULL
s5803,NULL,NULL
s5804,NULL,NULL
s5805,NULL,NULL
s5806,NULL,NULL
s5807,NULL,NULL
s5808,NULL,NULL
s5809,Jay Karas,NULL
s5810,Christopher Louie,NULL
s5811,Justin Krook,NULL
s5812,NULL,NULL
s5813,NULL,NULL
s5814,Louis C.K.,NULL
s5815,NULL,NULL
s5816,Michael Drumm,NULL
s5817,Troy Miller,NULL
s5818,Jay Karas,NULL
s5819,Jay Chapman,NULL
s5820,Alex Coletti,NULL
s5821,Michael Drumm,NULL
s5822,John Smithson,NULL
s5823,NULL,NULL
s5824,NULL,NULL
s5825,Christopher Martin,NULL
s5826,NULL,NULL
s5827,Tom Whitter,NULL
s5828,NULL,NULL
s5829,Sian Heder,NULL
s5830,NULL,NULL
s5831,Karl Mueller,NULL
s5832,Joe Berlinger,NULL
s5833,Allan Ungar,NULL
s5834,Qaushiq Mukherjee,NULL
s5835,Tensai Okamura,NULL
s5836,Ryan Polito,NULL
s5837,NULL,NULL
s5838,Hemant Gaba,Pratim D. Gupta
s5839,NULL,NULL
s5840,Raúl Campos,Jan Suter
s5841,Rob Burnett,NULL
s5842,Wilson Yip,NULL
s5843,Bo Burnham,Christopher Storer
s5844,NULL,NULL
s5845,NULL,NULL
s5846,NULL,NULL
s5847,Steven Brill,NULL
s5848,Jay Karas,NULL
s5849,Ricky Gervais,NULL
s5850,Jon Greenhalgh,NULL
s5851,NULL,NULL
s5852,Felix Van Groeningen,Felix van Groeningen
s5853,Mike Flanagan,NULL
s5854,NULL,NULL
s5855,G.J. Echternkamp,NULL
s5856,NULL,NULL
s5857,NULL,NULL
s5858,Rodolphe Guenoden,NULL
s5859,Jason Krawczyk,NULL
s5860,Sam Wrench,NULL
s5861,Sophie Robinson,Lotje Sodderland
s5862,John Lee,NULL
s5863,NULL,NULL
s5864,NULL,NULL
s5865,Yuen Wo-Ping,NULL
s5866,Mitch Schauer,NULL
s5867,NULL,NULL
s5868,NULL,NULL
s5869,Lance Bangs,NULL
s5870,NULL,NULL
s5871,NULL,NULL
s5872,NULL,NULL
s5873,Raúl Campos,Jan Suter
s5874,Wilson Yip,NULL
s5875,Wilson Yip,NULL
s5876,Jay Karas,NULL
s5877,Alik Sakharov,NULL
s5878,NULL,NULL
s5879,L. Frazier,NULL
s5880,Frank Coraci,NULL
s5881,Gary Howsam,Mike Smith
s5882,Sofia Coppola,NULL
s5883,NULL,NULL
s5884,Kristin Hanggi,NULL
s5885,Rhys Thomas,NULL
s5886,NULL,NULL
s5887,J. Davis,NULL
s5888,Chris Buck,Jennifer Lee
s5889,Eli Roth,NULL
s5890,Andrew Bujalski,NULL
s5891,Adam Dubin,NULL
s5892,Cary Joji Fukunaga,NULL
s5893,Aaron Hann,Mario Miscione
s5894,Evgeny Afineevsky,NULL
s5895,Jay Karas,NULL
s5896,NULL,NULL
s5897,Morgan Neville,NULL
s5898,Kip Andersen,Keegan Kuhn
s5899,Hannah Fidell,NULL
s5900,Jay Karas,NULL
s5901,NULL,NULL
s5902,Kristina Goolsby,Ashley York
s5903,NULL,NULL
s5904,Patrick Brice,NULL
s5905,Phil Joanou,NULL
s5906,Anthony Pierce,NULL
s5907,Liz Garbus,NULL
s5908,Jennifer Phang,NULL
s5909,NULL,NULL
s5910,Luis Estrada,NULL
s5911,Jill Bauer,Ronna Gradus
s5912,Lance Bangs,NULL
s5913,Mike Fleiss,NULL
s5914,Bill D'Elia,NULL
s5915,NULL,NULL
s5916,Aziz Ansari,NULL
s5917,David Sampliner,NULL
s5918,John Asher,NULL
s5919,NULL,NULL
s5920,NULL,NULL
s5921,NULL,NULL
s5922,Jay Karas,NULL
s5923,NULL,NULL
s5924,NULL,NULL
s5925,Lance Bangs,NULL
s5926,Orlando von Einsiedel,NULL
s5927,Katy Chevigny,Ross Kauffman
s5928,Wyatt Cenac,NULL
s5929,James Yukich,NULL
s5930,Luis Lopez,Clay Tweel
s5931,Robert Nixon,Fisher Stevens
s5932,Chapman Way,Maclain Way
s5933,Werner Herzog,NULL
s5934,NULL,NULL
s5935,Greg Whiteley,NULL
s5936,Jehane Noujaim,NULL
s5937,Jason Moore,NULL
s5938,Josh Greenbaum,NULL
s5939,Will Lovelace,Dylan Southern
s5940,NULL,NULL
s5941,NULL,NULL
s5942,Constance Marks,NULL
s5943,Larry Elikann,NULL
s5944,Robert Markowitz,NULL
s5945,Eric Laneuville,NULL
s5946,Joel Oliansky,NULL
s5947,Roy Campanella II,NULL
s5948,Arthur Allan Seidelman,NULL
s5949,John Herzfeld,NULL
s5950,Buzz Kulik,NULL
s5951,Richard Michaels,NULL
s5952,Linda Otto,NULL
s5953,Roger Young,NULL
s5954,Rob LaDuca,Robert C. Ramirez
s5955,Icíar Bollaín,NULL
s5956,Joe Dante,NULL
s5957,Ole Bornedal,NULL
s5958,Sorin Dan Mihalcescu,NULL
s5959,Shane Acker,NULL
s5960,Robert Luketic,NULL
s5961,Kevin Reynolds,NULL
s5962,Shravan Kumar,NULL
s5963,Vikram Bhatt,NULL
s5964,Kunle Afolayan,NULL
s5965,NULL,NULL
s5966,Paul Greengrass,NULL
s5967,Swapnaneel Jayakar,NULL
s5968,NULL,NULL
s5969,Vijay Milton,NULL
s5970,Santwana Bardoloi,NULL
s5971,Atanu Ghosh,NULL
s5972,Lyric R. Cabral,David Felix Sutcliffe
s5973,Michael Margolis,NULL
s5974,Michael Kennedy,NULL
s5975,NULL,NULL
s5976,Óskar Thór Axelsson,NULL
s5977,Ozan Açiktan,NULL
s5978,Karyn Kusama,NULL
s5979,NULL,NULL
s5980,Adam Deyoe,NULL
s5981,Leif Tilden,NULL
s5982,Roland Emmerich,NULL
s5983,NULL,NULL
s5984,Melinda Janko,NULL
s5985,NULL,NULL
s5986,Sam Upton,NULL
s5987,NULL,NULL
s5988,Victor Zarcoff,NULL
s5989,Daniel Stamm,NULL
s5990,NULL,NULL
s5991,Daniel Lee,NULL
s5992,Scott Hussion,Seth Fuller
s5993,Richard Donner,NULL
s5994,Burr Steers,NULL
s5995,David Marmor,NULL
s5996,Raymond Wood,NULL
s5997,Morgan Neville,NULL
s5998,NULL,NULL
s5999,Hasraf Dulull,NULL
s6000,Mike Mills,NULL
s6001,Jon Lucas,Scott Moore
s6002,NULL,NULL
s6003,Joey Curtis,NULL
s6004,Brian Smrz,NULL
s6005,Nicanor Loreti,NULL
s6006,Simon Napier-Bell,NULL
s6007,Betty Thomas,NULL
s6008,Nagesh Kukunoor,NULL
s6009,Gaby Dellal,NULL
s6010,Iman Brotoseno,NULL
s6011,Shazia Javed,NULL
s6012,Hani Hamdi,NULL
s6013,Ruben Fleischer,NULL
s6014,Maciej Dejczer,NULL
s6015,Jack C. Newell,NULL
s6016,Andrew Nackman,NULL
s6017,Anggy Umbara,NULL
s6018,Victor Levin,NULL
s6019,Peter Segal,NULL
s6020,Jonathan Levine,NULL
s6021,Rizal Mantovani,NULL
s6022,Toa Fraser,NULL
s6023,Bharat Jain,NULL
s6024,Trent Haaga,NULL
s6025,Nizar Shafi,NULL
s6026,Meenu Gaur,Farjad Nabi
s6027,NULL,NULL
s6028,Jon Lucas,Scott Moore
s6029,Padmakumar Narasimhamurthy,NULL
s6030,John Asher,NULL
s6031,Richard Attenborough,NULL
s6032,Stanley Kubrick,NULL
s6033,Stephen Gyllenhaal,NULL
s6034,Tom Fassaert,NULL
s6035,Mark Williams,NULL
s6036,Remo D'Souza,NULL
s6037,Roman Coppola,NULL
s6038,NULL,NULL
s6039,Erik Nelson,NULL
s6040,Michael Tiddes,NULL
s6041,Teo Konuralp,NULL
s6042,Jim Fall,NULL
s6043,Andy Goddard,NULL
s6044,Chris Bell,NULL
s6045,NULL,NULL
s6046,Ahmad El-Badri,NULL
s6047,J.C. Chandor,NULL
s6048,Christopher S. Rech,Brandon Kimber
s6049,NULL,NULL
s6050,John Fortenberry,NULL
s6051,Joram Lürsen,NULL
s6052,Michael Lennox,NULL
s6053,Kees Van Oostrum,NULL
s6054,Michael Damian,NULL
s6055,Henry Sarwer-Foner,NULL
s6056,Ishaan Trivedi,NULL
s6057,Asghar Farhadi,NULL
s6058,Ethan Coen,Joel Coen
s6059,Maria Burton,NULL
s6060,Natalie Portman,NULL
s6061,Martin Lawrence,NULL
s6062,Brian Robbins,NULL
s6063,Adam Shankman,NULL
s6064,Neeraj Pandey,NULL
s6065,Gregory Caruso,NULL
s6066,Ava DuVernay,NULL
s6067,NULL,NULL
s6068,NULL,NULL
s6069,Rusty Nixon,NULL
s6070,Oliver Daly,NULL
s6071,Ömer Faruk Sorak,NULL
s6072,Midhun Manuel Thomas,NULL
s6073,Chandrakant Kulkarni,NULL
s6074,Prakash Jha,NULL
s6075,Nagesh Kukunoor,NULL
s6076,Uttung Shelar,NULL
s6077,Atanu Ghosh,NULL
s6078,NULL,NULL
s6079,A. L. Vijay,NULL
s6080,Jung-ah Im,Seung-uk Jo
s6081,Chad Van De Keere,NULL
s6082,Chris Weitz,Paul Weitz
s6083,Daniela Goggi,NULL
s6084,Alfonso Serrano Maturino,NULL
s6085,Julien Christian Lutz,NULL
s6086,Julie Taymor,NULL
s6087,Mike McCoy,Scott Waugh
s6088,Mahsun Kirmizigül,NULL
s6089,Brett Donowho,NULL
s6090,NULL,NULL
s6091,Thierry Donard,NULL
s6092,Anne Fontaine,NULL
s6093,Sandeep Chatterjee,NULL
s6094,Kyle Rideout,NULL
s6095,NULL,NULL
s6096,Bryce Wagoner,NULL
s6097,Brittany Andrews,NULL
s6098,Antonio Campos,NULL
s6099,Nicolás López,NULL
s6100,Terry Loane,NULL
s6101,NULL,NULL
s6102,NULL,NULL
s6103,NULL,NULL
s6104,Shivam Nair,NULL
s6105,Alison Klayman,NULL
s6106,NULL,NULL
s6107,Biswajeet Bora,NULL
s6108,Abbas Alibhai Burmawalla,Mastan Alibhai Burmawalla
s6109,NULL,NULL
s6110,Castille Landon,NULL
s6111,Gervasio Iglesias,Alexis Morante
s6112,Martin Scorsese,NULL
s6113,J. Michael Long,NULL
s6114,Sean McNamara,NULL
s6115,Susan Glatzer,NULL
s6116,Eva Vives,NULL
s6117,Don Bluth,Gary Goldman
s6118,Víctor García,NULL
s6119,Charlie Vaughn,NULL
s6120,Chris Blake,NULL
s6121,Jonathan Levine,NULL
s6122,Matthew Hope,NULL
s6123,Vincent Perez,NULL
s6124,Lee Tamahori,NULL
s6125,Richard Rich,NULL
s6126,Richard Rich,NULL
s6127,NULL,NULL
s6128,Greg Kohs,NULL
s6129,Trey Haley,NULL
s6130,Atul Malhotra,NULL
s6131,Manmohan Desai,NULL
s6132,Khaled Youssef,NULL
s6133,NULL,NULL
s6134,Charlie Siskel,NULL
s6135,Michael Cuesta,NULL
s6136,Sam Mendes,NULL
s6137,Brendon Marotta,NULL
s6138,NULL,NULL
s6139,Barak Goodman,NULL
s6140,Sharon Grimberg,NULL
s6141,Mark Zwonitzer,NULL
s6142,Wilson Coneybeare,NULL
s6143,Sarik Andreasyan,NULL
s6144,Tony Kaye,NULL
s6145,Andrea Arnold,NULL
s6146,Nick Davis,NULL
s6147,NULL,NULL
s6148,Mary Harron,NULL
s6149,Jerry G. Angelo,NULL
s6150,Asif Kapadia,NULL
s6151,Karan Bali,NULL
s6152,Don Bluth,NULL
s6153,Phil Nibbelink,Simon Wells
s6154,Larry Latham,NULL
s6155,Larry Latham,NULL
s6156,Wael Ehsan,NULL
s6157,NULL,NULL
s6158,Perry Lang,NULL
s6159,Ismail Farouk,Hazem Fouda
s6160,Avinash Das,NULL
s6161,Carlos Marques-Marcet,NULL
s6162,NULL,NULL
s6163,Tim Blake Nelson,NULL
s6164,Luis Mandoki,NULL
s6165,Peter Segal,NULL
s6166,Pan Nalin,NULL
s6167,NULL,NULL
s6168,NULL,NULL
s6169,Sohail Tatari,NULL
s6170,Paul Serafini,NULL
s6171,Juan Zapata,NULL
s6172,Peyton Reed,NULL
s6173,Sherif Ismail,NULL
s6174,Anirban Majumder,NULL
s6175,NULL,NULL
s6176,Ken Barbet,NULL
s6177,Manish Jha,NULL
s6178,NULL,NULL
s6179,David Salzberg,Christian Tureaud
s6180,J.F. Musial,Josh Vietze
s6181,Gonzalo López-Gallego,NULL
s6182,Christian Desmares,Franck Ekinci
s6183,Christopher Chambers,NULL
s6184,Khaled El Halafawy,NULL
s6185,Nia Dinata,NULL
s6186,Jason Winer,NULL
s6187,Sarah Smith,NULL
s6188,John Erick Dowdle,NULL
s6189,James L. Brooks,NULL
s6190,John Murlowski,NULL
s6191,Sung-soo Kim,NULL
s6192,Mike Nicoll,NULL
s6193,Jason Stone,NULL
s6194,Mez Tharatorn,NULL
s6195,NULL,NULL
s6196,David Morris,Jacqui Morris
s6197,Fabrizio Copano,Augusto Matte
s6198,Mike Rossiter,NULL
s6199,NULL,NULL
s6200,Gabe Ibáñez,NULL
s6201,Anthony Russo,Joe Russo
s6202,Levan Tsikurishvili,NULL
s6203,Anthony D'Souza,NULL
s6204,Ajay Bahl,NULL
s6205,Çagan Irmak,NULL
s6206,Alejandro G. Iñárritu,NULL
s6207,Shikha Makan,NULL
s6208,José Eduardo Belmonte,NULL
s6209,Adam MacDonald,NULL
s6210,Dave Patten,NULL
s6211,Michael Petroni,NULL
s6212,Michael Bay,NULL
s6213,Michael Bay,NULL
s6214,NULL,NULL
s6215,David Chirchirillo,NULL
s6216,Salima Koroma,NULL
s6217,NULL,NULL
s6218,Sumitra Bhave,Sunil Sukthankar
s6219,Justin Lee,NULL
s6220,NULL,NULL
s6221,Simon Wells,NULL
s6222,Phil Weinstein,NULL
s6223,Phil Weinstein,NULL
s6224,Haissam Hussain,NULL
s6225,Burak Aksak,NULL
s6226,Zoe Lister-Jones,NULL
s6227,Aaron Nee,Adam Nee
s6228,Tanit Jitnukul,NULL
s6229,NULL,NULL
s6230,Manop Janjarasskul,NULL
s6231,Adisorn Tresirikasem,NULL
s6232,Jordi Llompart,NULL
s6233,Raja Menon,NULL
s6234,Matthew Salleh,NULL
s6235,Kyran Kelly,NULL
s6236,Adam Wood,NULL
s6237,Zeke Norton,NULL
s6238,Karen J. Lloyd,NULL
s6239,Andrew Tan,Michael Goguen
s6240,William Lau,NULL
s6241,Ezekiel Norton,NULL
s6242,Conrad Helten,NULL
s6243,Ezekiel Norton,NULL
s6244,Conrad Helten,Ezekiel Norton
s6245,Kyle Newman,NULL
s6246,Esteban Vidal,NULL
s6247,Rajkumar Santoshi,NULL
s6248,David Zucker,NULL
s6249,Paul Verhoeven,NULL
s6250,NULL,NULL
s6251,NULL,NULL
s6252,Dava Whisenant,NULL
s6253,NULL,NULL
s6254,NULL,NULL
s6255,Hrishikesh Mukherjee,NULL
s6256,Sagar Sarhadi,NULL
s6257,Lilibet Foster,NULL
s6258,Joshua Caldwell,NULL
s6259,NULL,NULL
s6260,Volker Arzt,Angelika Sigl
s6261,Mel Smith,NULL
s6262,NULL,NULL
s6263,NULL,NULL
s6264,NULL,NULL
s6265,NULL,NULL
s6266,NULL,NULL
s6267,Mike Judge,NULL
s6268,Bruce W. Smith,NULL
s6269,Agasyah Karim,Khalid Kashogi
s6270,Khaled El Halafawy,NULL
s6271,Julian Jarrold,NULL
s6272,Adam Shankman,NULL
s6273,Fisher Stevens,NULL
s6274,Keiko Yagi,NULL
s6275,Katherine Fairfax Wright,NULL
s6276,NULL,NULL
s6277,NULL,NULL
s6278,Rajeev Chaudhari,NULL
s6279,Anthony Wonke,NULL
s6280,NULL,NULL
s6281,April Mullen,NULL
s6282,NULL,NULL
s6283,Adam Marino,NULL
s6284,Joe Camp,NULL
s6285,Joe Camp,NULL
s6286,Hakan Algül,NULL
s6287,NULL,NULL
s6288,Tamer Bassiouni,NULL
s6289,Ted Braun,NULL
s6290,Dharmesh Darshan,NULL
s6291,Khaled Marei,NULL
s6292,NULL,NULL
s6293,Sushrut Jain,NULL
s6294,Majid Majidi,NULL
s6295,NULL,NULL
s6296,NULL,NULL
s6297,Priyadarshan,NULL
s6298,Rajiv Chilaka,NULL
s6299,Priyadarshan,NULL
s6300,Ram Gopal Varma,NULL
s6301,Jasbir Bijendra Bhati,NULL
s6302,NULL,NULL
s6303,Joey Kern,NULL
s6304,Dennis Dugan,NULL
s6305,NULL,NULL
s6306,Shawn Levy,NULL
s6307,Scott Martin,NULL
s6308,Kaspar Astrup Schröder,NULL
s6309,Ron Oliver,NULL
s6310,Nick Broomfield,NULL
s6311,Shannon Hartman,NULL
s6312,Stephen Daldry,NULL
s6313,Vonda Harrell,Daniel Camenisch
s6314,Indrasis Acharya,NULL
s6315,Gajendra Ahire,Viju Mane
s6316,Emanuel Hoss-Desmarais,NULL
s6317,Marianna Palka,NULL
s6318,Ham Tran,NULL
s6319,NULL,NULL
s6320,Miguel Conde,NULL
s6321,Supavitra Babul,NULL
s6322,Mark Harris,NULL
s6323,Ridley Scott,NULL
s6324,NULL,NULL
s6325,Jose Manuel Colón,NULL
s6326,Ryan Coogler,NULL
s6327,Jesse Gustafson,NULL
s6328,Craig Brewer,NULL
s6329,Martin Hodara,NULL
s6330,Gabriela Cowperthwaite,NULL
s6331,Daniel Alfredson,NULL
s6332,Ethan Hawke,NULL
s6333,Ben Younger,NULL
s6334,Deane Taylor,NULL
s6335,July Hygreck,NULL
s6336,NULL,NULL
s6337,Jean-François Richet,NULL
s6338,Ted Demme,NULL
s6339,Abdellatif Kechiche,NULL
s6340,Woody Allen,NULL
s6341,Lev L. Spiro,NULL
s6342,NULL,NULL
s6343,Jeremy Saulnier,NULL
s6344,Les Mayfield,NULL
s6345,Derek Cianfrance,NULL
s6346,Barry Avrich,NULL
s6347,Jeremy Kenyon Lockyer Corbell,NULL
s6348,NULL,NULL
s6349,Jay Surridge,NULL
s6350,Elvira Lind,NULL
s6351,Raj Kapoor,NULL
s6352,Gabriel Clarke,Torquil Jones
s6353,Brendan Byrne,NULL
s6354,Geoffrey Orthwein,Andrew Sullivan
s6355,Byron Howard,Chris Williams
s6356,Alexandra Dean,NULL
s6357,Jelle de Jonge,NULL
s6358,NULL,NULL
s6359,Arthur Penn,NULL
s6360,Kaizad Gustad,NULL
s6361,NULL,NULL
s6362,NULL,NULL
s6363,Gary Cohen,Ross Hockrow
s6364,Gayane Petrosyan,NULL
s6365,NULL,NULL
s6366,Richard Sears,NULL
s6367,Alê Abreu,NULL
s6368,Chris Stokes,NULL
s6369,NULL,NULL
s6370,Michael Doneger,NULL
s6371,Sean McNamara,NULL
s6372,Cecilia Peck,NULL
s6373,Jody Lambert,NULL
s6374,NULL,NULL
s6375,Sridhar Rangayan,NULL
s6376,Simon Baker,NULL
s6377,Rian Johnson,NULL
s6378,Robert Adetuyi,NULL
s6379,NULL,NULL
s6380,Antoine Fuqua,NULL
s6381,Lu Yang,NULL
s6382,NULL,NULL
s6383,Vivieno Caldinelli,NULL
s6384,Vivieno Caldinelli,NULL
s6385,Vivieno Caldinelli,NULL
s6386,NULL,NULL
s6387,Mike Wiluan,NULL
s6388,Andreas Johnsen,NULL
s6389,David McCracken,NULL
s6390,NULL,NULL
s6391,Steve Antin,NULL
s6392,Jon Manning,NULL
s6393,Lee Chang-dong,NULL
s6394,NULL,NULL
s6395,Cary Murnion,Jonathan Milott
s6396,Daniel Mann,NULL
s6397,Daniele Thompson,NULL
s6398,Travis Zariwny,NULL
s6399,NULL,NULL
s6400,Angga Dwimas Sasongko,NULL
s6401,Néstor Sánchez Sotelo,NULL
s6402,NULL,NULL
s6403,Asim Abbasi,NULL
s6404,Madhur Bhandarkar,NULL
s6405,NULL,NULL
s6406,Momoko Kamiya,NULL
s6407,Momoko Kamiya,NULL
s6408,NULL,NULL
s6409,Carlos Bolado,NULL
s6410,Scott Marshall Smith,NULL
s6411,Lisa Arnold,NULL
s6412,NULL,NULL
s6413,Peter Sattler,NULL
s6414,NULL,NULL
s6415,Harry Elfont,Deborah Kaplan
s6416,Bernard Rose,NULL
s6417,NULL,NULL
s6418,Justin Pemberton,NULL
s6419,Noushad,NULL
s6420,Mark O'Connor,NULL
s6421,NULL,NULL
s6422,Chito S. Roño,NULL
s6423,Todd Haynes,NULL
s6424,Brian De Palma,NULL
s6425,Àlex Pastor,David Pastor
s6426,Matt Piedmont,NULL
s6427,NULL,NULL
s6428,Martin Campbell,NULL
s6429,Wong Jing,NULL
s6430,Wong Jing,NULL
s6431,NULL,NULL
s6432,Richard Brooks,NULL
s6433,Shalini Kantayya,NULL
s6434,Brad Peyton,NULL
s6435,Aaron Hancox,Michael McNamara
s6436,Henrik Martin Dahlsbakken,NULL
s6437,Shivendra Singh Dungarpur,NULL
s6438,Nicholas Hytner,NULL
s6439,Harry Baweja,NULL
s6440,Aatmaram Dharne,NULL
s6441,David Dhawan,NULL
s6442,Umer Adil,NULL
s6443,Arne Birkenstock,NULL
s6444,Dianne Dreyer,NULL
s6445,Garin Nugroho,NULL
s6446,John Curran,NULL
s6447,Tim Burton,NULL
s6448,McG,NULL
s6449,Charles A. Nichols,Iwao Takamoto
s6450,David Dhawan,NULL
s6451,Kevin Smith,NULL
s6452,NULL,NULL
s6453,Wong Jing,Jason Kwan
s6454,John Scheinfeld,NULL
s6455,Gurvinder Singh,NULL
s6456,NULL,NULL
s6457,NULL,NULL
s6458,NULL,NULL
s6459,Bradley Parker,NULL
s6460,NULL,NULL
s6461,NULL,NULL
s6462,Sidheswar Shukla,Asit Mohapatra
s6463,Asit Mohapatra,Shyamal Chaulia
s6464,Shyamal Chaulia,Asit Mohapatra
s6465,Rajiv Chilaka,Binayak Das
s6466,Anuranjan Premji,NULL
s6467,Mark Dindal,NULL
s6468,Niyi Akinmolayan,NULL
s6469,Tom Holland,NULL
s6470,NULL,NULL
s6471,Tan Bing,NULL
s6472,Luis Lopez,NULL
s6473,Bedabrata Pain,NULL
s6474,Ken Hughes,NULL
s6475,Atom Egoyan,NULL
s6476,Andrew Sandler,NULL
s6477,Corbin Bernsen,NULL
s6478,NULL,NULL
s6479,Marita Grabiak,NULL
s6480,Gary Wheeler,NULL
s6481,Joe Roth,NULL
s6482,Marc Forster,NULL
s6483,Israel Adrián Caetano,NULL
s6484,NULL,NULL
s6485,Mohsin Ali,NULL
s6486,Hrishikesh Mukherjee,NULL
s6487,Paul Weitz,NULL
s6488,NULL,NULL
s6489,Fernando Meirelles,Katia Lund
s6490,Pete Travis,NULL
s6491,NULL,NULL
s6492,Nick Mead,NULL
s6493,Louis Leterrier,NULL
s6494,Gregory Hoblit,NULL
s6495,Eric Stoltz,NULL
s6496,NULL,NULL
s6497,Jack Starrett,NULL
s6498,Frank Coraci,NULL
s6499,NULL,NULL
s6500,Chris Perkel,NULL
s6501,John Crowley,NULL
s6502,Lilly Wachowski,Lana Wachowski
s6503,Olivier Assayas,NULL
s6504,Matt Reeves,NULL
s6505,NULL,NULL
s6506,NULL,NULL
s6507,NULL,NULL
s6508,NULL,NULL
s6509,NULL,NULL
s6510,NULL,NULL
s6511,Thomas Carter,NULL
s6512,Les Mayfield,NULL
s6513,Vishal Mishra,NULL
s6514,NULL,NULL
s6515,NULL,NULL
s6516,Saurav Palodhi,NULL
s6517,Florian Gallenberger,NULL
s6518,Ketan Mehta,NULL
s6519,Zack Whedon,NULL
s6520,NULL,NULL
s6521,NULL,NULL
s6522,Robert Kenner,NULL
s6523,Ram Gopal Varma,NULL
s6524,Craig Goodwill,NULL
s6525,NULL,NULL
s6526,Jesse Adang,Syrine Boulanouar
s6527,Stacie Passon,NULL
s6528,Van M. Pham,NULL
s6529,Gavin Fitzgerald,NULL
s6530,Ozan Açiktan,NULL
s6531,Ram Gopal Varma,NULL
s6532,Abdul Aziz Hashad,NULL
s6533,NULL,NULL
s6534,Stuart Rosenberg,NULL
s6535,Jon Rosenbaum,NULL
s6536,Ben Steele,NULL
s6537,Henry Selick,NULL
s6538,Jason Bourque,NULL
s6539,NULL,NULL
s6540,Micah Bickham,Galley Molina
s6541,Paul Haggis,NULL
s6542,Kranti Kanade,NULL
s6543,NULL,NULL
s6544,Ang Lee,NULL
s6545,Don Mancini,NULL
s6546,Zachary Heinzerling,NULL
s6547,Chandrakant Kanse,NULL
s6548,Hasan Karacadag,NULL
s6549,Gary David Goldberg,NULL
s6550,NULL,NULL
s6551,Steve Carr,NULL
s6552,Amara Cash,NULL
s6553,Pablo Parés,NULL
s6554,Johnson Esthappan,NULL
s6555,Raj Amit Kumar,NULL
s6556,Jean-Marc Vallée,NULL
s6557,NULL,NULL
s6558,Jeffrey Walker,NULL
s6559,Philipp Eichholtz,NULL
s6560,NULL,NULL
s6561,NULL,NULL
s6562,Brendan Toller,NULL
s6563,Roger Donaldson,NULL
s6564,NULL,NULL
s6565,Agnidev Chatterjee,NULL
s6566,Alexandros Avranas,NULL
s6567,Gilles Paquet-Brenner,NULL
s6568,Prawal Raman,NULL
s6569,NULL,NULL
s6570,Parveen Kumar,NULL
s6571,Julie Dash,NULL
s6572,NULL,NULL
s6573,NULL,NULL
s6574,Amman Abbasi,NULL
s6575,Dylan Haegens,Bas van Teylingen
s6576,Noah Baumbach,Jake Paltrow
s6577,Tom Edmunds,NULL
s6578,Tanveer Khan,NULL
s6579,Danny J. Boyle,NULL
s6580,Demetri Martin,NULL
s6581,Tanuj Bhramar,NULL
s6582,Chad Van De Keere,NULL
s6583,Jason Priestley,NULL
s6584,Neil LaBute,NULL
s6585,Harrison Smith,NULL
s6586,Clay Porter,NULL
s6587,NULL,NULL
s6588,NULL,NULL
s6589,Anees Bazmee,NULL
s6590,Ken Burns,Artemis Joukowsky
s6591,Dennis Iliadis,NULL
s6592,Camilla Nielsson,NULL
s6593,Christian Gudegast,NULL
s6594,Ted Demme,NULL
s6595,Frederick Cipoletti,NULL
s6596,Sam Patton,NULL
s6597,Mohamed Samy,NULL
s6598,Christopher Smith,NULL
s6599,Michael Feifer,NULL
s6600,Saara Cantell,NULL
s6601,Clay Staub,NULL
s6602,NULL,NULL
s6603,Sumitra Bhave,Sunil Sukthankar
s6604,NULL,NULL
s6605,Indra Kumar,NULL
s6606,Hark Tsui,NULL
s6607,Ben Ryder,NULL
s6608,NULL,NULL
s6609,Benoît Jacquot,NULL
s6610,Lee Tamahori,NULL
s6611,Kundan Shah,NULL
s6612,NULL,NULL
s6613,Jay Roach,NULL
s6614,NULL,NULL
s6615,Chia-Liang Liu,NULL
s6616,Todd Standing,NULL
s6617,Benjamin Arfmann,NULL
s6618,Neill Blomkamp,NULL
s6619,NULL,NULL
s6620,David Lean,NULL
s6621,Paul Schrader,NULL
s6622,Philip Marlatt,NULL
s6623,Charles Martin Smith,NULL
s6624,Brian De Palma,NULL
s6625,Mahin Ibrahim,Austin Kolodney
s6626,Jared Hess,NULL
s6627,Troy Nixey,NULL
s6628,Thierry Donard,NULL
s6629,Thierry Donard,NULL
s6630,Thierry Donard,NULL
s6631,Caradog W. James,NULL
s6632,Daniel Gordon,NULL
s6633,Mike Birbiglia,NULL
s6634,Mike Newell,NULL
s6635,Andrzej Bartkowiak,NULL
s6636,NULL,NULL
s6637,Wong Jing,NULL
s6638,John Patrick Shanley,NULL
s6639,M.J. Isakson,NULL
s6640,Bo Welch,NULL
s6641,Scott Mosier,Yarrow Cheney
s6642,Rob Cohen,NULL
s6643,Colin Teague,NULL
s6644,Doug Lefler,NULL
s6645,Patrik Syversen,NULL
s6646,Rajiv Chilaka,NULL
s6647,NULL,NULL
s6648,Greg MacGillivray,NULL
s6649,Tristan Ferland Milewski,NULL
s6650,Reiner Holzemer,NULL
s6651,NULL,NULL
s6652,NULL,NULL
s6653,NULL,NULL
s6654,Afia Nathaniel,NULL
s6655,Eeshwar Nivas,NULL
s6656,Troy Miller,NULL
s6657,Emma Hatherley,NULL
s6658,Dave Green,NULL
s6659,NULL,NULL
s6660,NULL,NULL
s6661,NULL,NULL
s6662,Anthony Lucero,NULL
s6663,Will Gluck,NULL
s6664,NULL,NULL
s6665,Ryan Murphy,NULL
s6666,Bruce Gowers,NULL
s6667,Ajithkumar,NULL
s6668,Harjit Singh,NULL
s6669,Sumitra Bhave,Sunil Sukthankar
s6670,Sriram Raghavan,NULL
s6671,Philipp Stölzl,NULL
s6672,NULL,NULL
s6673,NULL,NULL
s6674,NULL,NULL
s6675,NULL,NULL
s6676,Matías Gueilburt,NULL
s6677,NULL,NULL
s6678,Justin Webster,NULL
s6679,NULL,NULL
s6680,Federico Lemos,NULL
s6681,Bassam Kurdali,NULL
s6682,John Bridcut,NULL
s6683,Sebastian Gutierrez,NULL
s6684,Fabien Beziat,Hugues Nancy
s6685,Hugues Nancy,Fabien Beziat
s6686,Nils Tavernier,NULL
s6687,Jon Spira,NULL
s6688,Michael Thelin,NULL
s6689,Riri Riza,NULL
s6690,Neil Triffett,NULL
s6691,NULL,NULL
s6692,Kim Nguyen,NULL
s6693,Greg Coolidge,NULL
s6694,NULL,NULL
s6695,Ajay Phansekar,NULL
s6696,NULL,NULL
s6697,David Ayer,NULL
s6698,NULL,NULL
s6699,Denis Villeneuve,NULL
s6700,Jenny Carchman,NULL
s6701,Jason James,NULL
s6702,Robert Clouse,NULL
s6703,Drake Doremus,NULL
s6704,Kurt Wimmer,NULL
s6705,Wojciech Marczewski,NULL
s6706,Alejandro Doria,NULL
s6707,Marcelo González,NULL
s6708,NULL,NULL
s6709,Valeria Golino,NULL
s6710,NULL,NULL
s6711,Tom Shadyac,NULL
s6712,Paul W.S. Anderson,NULL
s6713,Robi Michael,NULL
s6714,Asghar Farhadi,NULL
s6715,NULL,NULL
s6716,Ivan Reitman,NULL
s6717,Alex Garland,NULL
s6718,NULL,NULL
s6719,James Lee,NULL
s6720,Stuart Baird,NULL
s6721,Anders Sømme Hammer,Marius Arnesen
s6722,Michael Whitton,NULL
s6723,Andrzej Bartkowiak,NULL
s6724,Joseph Mbah,NULL
s6725,NULL,NULL
s6726,Hakan Algül,NULL
s6727,Hakan Algül,NULL
s6728,Hakan Algül,NULL
s6729,NULL,NULL
s6730,Benny Fine,NULL
s6731,Matt Toronto,NULL
s6732,NULL,NULL
s6733,NULL,NULL
s6734,Sanjay Jadhav,NULL
s6735,Chris Stokes,NULL
s6736,Gregory Hoblit,NULL
s6737,Sedat Kirtan,Kubilay Sarikaya
s6738,Hardik Mehta,NULL
s6739,Keith L. Smith,NULL
s6740,Nagraj Manjule,NULL
s6741,Shadi Ali,NULL
s6742,NULL,NULL
s6743,Ian Barber,NULL
s6744,Terry Gilliam,NULL
s6745,NULL,NULL
s6746,Peter Spirer,NULL
s6747,Norman Jewison,NULL
s6748,Biyi Bandele,NULL
s6749,Luke Jurevicius,NULL
s6750,Ari Levinson,NULL
s6751,NULL,NULL
s6752,Tony Zierra,NULL
s6753,Angga Dwimas Sasongko,NULL
s6754,James Wong,NULL
s6755,David R. Ellis,NULL
s6756,James Wong,NULL
s6757,Gianfranco Rosi,NULL
s6758,Sabal Singh Shekawat,NULL
s6759,Arthur Muhammad,NULL
s6760,Steven C. Miller,NULL
s6761,Nirpal Bhogal,NULL
s6762,Keith Malloy,NULL
s6763,Andrew Renzi,NULL
s6764,NULL,NULL
s6765,Gerry Blaksley,NULL
s6766,Cheh Chang,NULL
s6767,NULL,NULL
s6768,Marc Abraham,NULL
s6769,Khaled Marei,NULL
s6770,Gregory Caruso,NULL
s6771,NULL,NULL
s6772,Kang Cheng,Shan Hua
s6773,Asri Bendacha,NULL
s6774,NULL,NULL
s6775,NULL,NULL
s6776,Juan Manuel Cotelo,NULL
s6777,Tyler Perry,NULL
s6778,Mark Helenowski,Kevin Pang
s6779,Dean Wright,NULL
s6780,Mark Murphy,NULL
s6781,Richard Miron,NULL
s6782,Joe Camp,NULL
s6783,NULL,NULL
s6784,Jon Carey,Adam Darke
s6785,Fred M. Wilcox,NULL
s6786,NULL,NULL
s6787,Luis Ara,NULL
s6788,Maya Zinshtein,NULL
s6789,NULL,NULL
s6790,Lee Fulkerson,NULL
s6791,Seth Gordon,NULL
s6792,NULL,NULL
s6793,Mike Newell,NULL
s6794,Gregory Hoblit,NULL
s6795,Noah Baumbach,NULL
s6796,NULL,NULL
s6797,Trudie Styler,NULL
s6798,David Dobkin,NULL
s6799,Simon Wincer,NULL
s6800,Marc Levin,NULL
s6801,Sameh Abdulaziz,NULL
s6802,Wade Allain-Marcus,Jesse Allain-Marcus
s6803,Jude Okwudiafor Johnson,NULL
s6804,NULL,NULL
s6805,Marcus Nispel,NULL
s6806,Simon Verhoeven,NULL
s6807,NULL,NULL
s6808,Mahmoud Karim,NULL
s6809,Pierre Morel,NULL
s6810,Heber Cannon,NULL
s6811,Alastair Fothergill,NULL
s6812,NULL,NULL
s6813,NULL,NULL
s6814,Courtney Hunt,NULL
s6815,Sean Cisterna,NULL
s6816,Bob Rose,NULL
s6817,Le Van Kiet,NULL
s6818,Adam Del Giudice,NULL
s6819,Hoyt Yeatman,NULL
s6820,Fellipe Barbosa,NULL
s6821,NULL,NULL
s6822,Pavel Parkhomenko,NULL
s6823,NULL,NULL
s6824,Lucky Kuswandi,NULL
s6825,NULL,NULL
s6826,NULL,NULL
s6827,Martin Scorsese,NULL
s6828,NULL,NULL
s6829,Ifa Isfansyah,NULL
s6830,Rudy Soedjarwo,NULL
s6831,Hiroshi Katagiri,NULL
s6832,Manbhavan Singh,NULL
s6833,P.K. Baaburaaj,NULL
s6834,NULL,NULL
s6835,NULL,NULL
s6836,NULL,NULL
s6837,NULL,NULL
s6838,David Grossman,NULL
s6839,Guy Vasilovich,NULL
s6840,Nicholas Stoller,NULL
s6841,Christopher Smith,NULL
s6842,NULL,NULL
s6843,Peter Segal,NULL
s6844,David Silberg,NULL
s6845,Rajkumar Santoshi,NULL
s6846,Rich Ragsdale,NULL
s6847,Kazuchika Kise,Masahiko Murata
s6848,Mark Steven Johnson,NULL
s6849,Kazuchika Kise,NULL
s6850,NULL,NULL
s6851,Kazuchika Kise,NULL
s6852,Partho Ghosh,NULL
s6853,Riri Riza,NULL
s6854,Vincente Minnelli,Charles Walters
s6855,Sally Potter,NULL
s6856,Wenn V. Deramas,NULL
s6857,Brett Whitcomb,NULL
s6858,NULL,NULL
s6859,Harold Cronk,NULL
s6860,Jedd Wider,Todd Wider
s6861,Gordon Chan,NULL
s6862,Harold Cronk,NULL
s6863,Michael Mason,NULL
s6864,Francis Lee,NULL
s6865,Hrishikesh Mukherjee,NULL
s6866,Takuya Inaba,NULL
s6867,Martin Campbell,NULL
s6868,Sam de Jong,NULL
s6869,NULL,NULL
s6870,Ivan Sen,NULL
s6871,Rohit Shetty,NULL
s6872,NULL,NULL
s6873,Mark Landre Gould,NULL
s6874,Neslihan Yesilyurt,NULL
s6875,Chris McCoy,NULL
s6876,Andrew Niccol,NULL
s6877,Wendy Jo Carlton,NULL
s6878,Tarek Abdel Moaty,NULL
s6879,George Clooney,NULL
s6880,Henrik Ruben Genz,NULL
s6881,Martin Scorsese,NULL
s6882,Justin Chon,NULL
s6883,Michael Dowse,NULL
s6884,Ari Sandel,NULL
s6885,Robert Altman,NULL
s6886,NULL,NULL
s6887,Mathieu Kassovitz,NULL
s6888,Ananth Narayan Mahadevan,NULL
s6889,Clint Eastwood,NULL
s6890,NULL,NULL
s6891,NULL,NULL
s6892,Indra Kumar,NULL
s6893,Tanuj Chopra,NULL
s6894,Randal Kleiser,NULL
s6895,NULL,NULL
s6896,NULL,NULL
s6897,Jeremy Saulnier,NULL
s6898,Abba T. Makama,NULL
s6899,Nanette Burstein,NULL
s6900,Eric Juhola,NULL
s6901,Anjali Nayar,NULL
s6902,NULL,NULL
s6903,James Woodroffe,NULL
s6904,Esteban Vidal,NULL
s6905,Sermiyan Midyat,NULL
s6906,Sermiyan Midyat,NULL
s6907,NULL,NULL
s6908,NULL,NULL
s6909,Ali Taner Baltaci,NULL
s6910,Adam Shankman,NULL
s6911,Shinji Aramaki,Mamoru Oshii
s6912,Ian Kirby,NULL
s6913,Satish Kaushik,NULL
s6914,John Irvin,NULL
s6915,Akram Farouk,NULL
s6916,Johnny Martin,NULL
s6917,Joe Berlinger,NULL
s6918,NULL,NULL
s6919,Tim Van Someren,NULL
s6920,NULL,NULL
s6921,Joe Dietsch,Louie Gibson
s6922,Luis Javier M. Henaine,NULL
s6923,NULL,NULL
s6924,NULL,NULL
s6925,Robert Osman,Nathanael Wiseman
s6926,Ilya Naishuller,NULL
s6927,NULL,NULL
s6928,Jon Hurwitz,Hayden Schlossberg
s6929,Danny Leiner,NULL
s6930,Daniel Raim,NULL
s6931,NULL,NULL
s6932,Ron Oliver,NULL
s6933,Ah Loong,NULL
s6934,Ron Davis,NULL
s6935,Justin Bare,Matthew Miele
s6936,NULL,NULL
s6937,David Dhawan,NULL
s6938,NULL,NULL
s6939,Jon Schnitzer,NULL
s6940,Brant Sersen,NULL
s6941,Eddie Martin,NULL
s6942,NULL,NULL
s6943,Andrew C. Erin,NULL
s6944,Steven Soderbergh,NULL
s6945,Davis Guggenheim,NULL
s6946,Quinn Lasher,NULL
s6947,Elle Callahan,NULL
s6948,Ana Kokkinos,NULL
s6949,Kelly Noonan,NULL
s6950,David Mirkin,NULL
s6951,Chris Sivertson,NULL
s6952,NULL,NULL
s6953,Huang Jianming,NULL
s6954,NULL,NULL
s6955,Tom Gianas,Ross R. Shuman
s6956,NULL,NULL
s6957,David Mackenzie,NULL
s6958,Guillermo del Toro,NULL
s6959,Spike Jonze,NULL
s6960,Christel Gibson,NULL
s6961,Prakash Mehra,NULL
s6962,Rod Blackhurst,NULL
s6963,Corey Yuen,NULL
s6964,NULL,NULL
s6965,Timothy Woodward Jr.,NULL
s6966,NULL,NULL
s6967,Shawn Arranha,NULL
s6968,Liu Jie,NULL
s6969,Scott Hicks,NULL
s6970,NULL,NULL
s6971,NULL,NULL
s6972,NULL,NULL
s6973,Lucy van Beek,NULL
s6974,Jennifer Lynch,NULL
s6975,NULL,NULL
s6976,Vishnu Govindhan,NULL
s6977,NULL,NULL
s6978,Andy Tennant,NULL
s6979,Daniel Kontur,NULL
s6980,Daniel Ablin,NULL
s6981,Asim Raza,NULL
s6982,NULL,NULL
s6983,Ali Taner Baltaci,Cem Yilmaz
s6984,Neil Armfield,NULL
s6985,Anthony Scott Burns,Nicholas McCarthy
s6986,Will Allen,NULL
s6987,Note Chern-Yim,NULL
s6988,Note Chern-Yim,NULL
s6989,Rakshith Thirthahalli,NULL
s6990,Anindya Chatterjee,NULL
s6991,Bille Woodruff,NULL
s6992,Bille Woodruff,NULL
s6993,Mike Disa,NULL
s6994,Sudip Bandyopadhyay,NULL
s6995,Jack C. Newell,NULL
s6996,Brodje Wemboendja,NULL
s6997,NULL,NULL
s6998,Alexandre Aja,NULL
s6999,NULL,NULL
s7000,Ayush Raina,NULL
s7001,Marty Stalker,NULL
s7002,Federico Lemos,NULL
s7003,Scott Cooper,NULL
s7004,Michael Polish,NULL
s7005,Max McGill,NULL
s7006,Akiva Schaffer,NULL
s7007,NULL,NULL
s7008,Janusz Majewski,NULL
s7009,Genndy Tartakovsky,NULL
s7010,Mark Tonderai,NULL
s7011,Sandy Chronopoulos,NULL
s7012,Ziga Virc,NULL
s7013,Tom O'Dell,NULL
s7014,Ron Howard,NULL
s7015,Ken Marino,NULL
s7016,Lionel C. Martin,NULL
s7017,Jerry Rothwell,NULL
s7018,NULL,NULL
s7019,Jocelyn Moorhouse,NULL
s7020,Cal Saville,NULL
s7021,Amar Gupte,NULL
s7022,Sam Liu,Frank Paur
s7023,Sooraj R. Barjatya,NULL
s7024,Raj Kanwar,NULL
s7025,NULL,NULL
s7026,Drew Casson,NULL
s7027,Keoni Waxman,NULL
s7028,Jonathan Mostow,NULL
s7029,NULL,NULL
s7030,NULL,NULL
s7031,Matt Kugelman,NULL
s7032,Matt Kugelman,NULL
s7033,Craig Brewer,NULL
s7034,NULL,NULL
s7035,Gabriel Grieco,NULL
s7036,Onir,NULL
s7037,Benjamin Turner,Gabe Turner
s7038,Mary Mazzio,NULL
s7039,Laura VanZee Taylor,NULL
s7040,NULL,NULL
s7041,Feng Xiaogang,NULL
s7042,Adam Sjöberg,NULL
s7043,Ross Boyask,NULL
s7044,Chuck Russell,NULL
s7045,Douglas McGrath,NULL
s7046,Maria Demeshkina Peek,NULL
s7047,Mez Tharatorn,NULL
s7048,Ken Loach,NULL
s7049,Brett Haley,NULL
s7050,Steve Race,NULL
s7051,NULL,NULL
s7052,Brett Harvey,NULL
s7053,Law Wing-cheong,NULL
s7054,Sachin,NULL
s7055,NULL,NULL
s7056,Tony Leondis,NULL
s7057,Jay Chapman,NULL
s7058,Karey Kirkpatrick,NULL
s7059,Walerian Borowczyk,NULL
s7060,NULL,NULL
s7061,Taron Lexton,NULL
s7062,Johannes Roberts,NULL
s7063,Aytaç Agirlar,NULL
s7064,Eric Zaragosa,NULL
s7065,Suman Mukhopadhyay,NULL
s7066,Jonathan Baker,NULL
s7067,Elizabeth Chai Vasarhelyi,NULL
s7068,Brad Bird,NULL
s7069,Sanjeev Gupta,NULL
s7070,NULL,NULL
s7071,Steven Spielberg,NULL
s7072,Steven Spielberg,NULL
s7073,Steven Spielberg,NULL
s7074,Steven Spielberg,NULL
s7075,John Stewart Muller,NULL
s7076,Jacob Kornbluth,NULL
s7077,Luca Vullo,NULL
s7078,Quentin Tarantino,NULL
s7079,Iain Softley,NULL
s7080,K. Subhash,NULL
s7081,NULL,NULL
s7082,NULL,NULL
s7083,NULL,NULL
s7084,NULL,NULL
s7085,Eugenio Derbez,NULL
s7086,NULL,NULL
s7087,Michael Gallagher,NULL
s7088,Patricia Rozema,NULL
s7089,Toshiya Shinohara,NULL
s7090,Toshiya Shinohara,NULL
s7091,Toshiya Shinohara,NULL
s7092,Clint Eastwood,NULL
s7093,Charles Officer,NULL
s7094,John Trengove,NULL
s7095,Nagesh Kukunoor,NULL
s7096,Kedar Shinde,NULL
s7097,Jacob Schwab,NULL
s7098,Leo Riley,NULL
s7099,NULL,NULL
s7100,V. K. Prakash,NULL
s7101,NULL,NULL
s7102,NULL,NULL
s7103,Manish Tiwary,NULL
s7104,Andy Tennant,NULL
s7105,Ismail Farouk,NULL
s7106,Maria Ripoll,NULL
s7107,Hani Hamdi,NULL
s7108,Zatella Beatty,NULL
s7109,Young Jun Lee,NULL
s7110,Shirish Kunder,NULL
s7111,Mathias Malzieu,Stéphane Berla
s7112,Harvey Glazer,Stuart Stone
s7113,Stuart Orme,NULL
s7114,Quentin Tarantino,NULL
s7115,Dustin Nguyen,NULL
s7116,Madhur Bhandarkar,NULL
s7117,NULL,NULL
s7118,Girish Malik,NULL
s7119,Nila Madhab Panda,NULL
s7120,Azfar Jafri,NULL
s7121,NULL,NULL
s7122,Kevin Smith,NULL
s7123,Janusz Majewski,NULL
s7124,NULL,NULL
s7125,Vlad Yudin,NULL
s7126,NULL,NULL
s7127,Clint Eastwood,NULL
s7128,Gerry Hoban,NULL
s7129,C. Fitz,NULL
s7130,NULL,NULL
s7131,Joe Boyd,NULL
s7132,NULL,NULL
s7133,David Gelb,NULL
s7134,Radhu Karmakar,NULL
s7135,John Edginton,NULL
s7136,Ashim Ahluwalia,NULL
s7137,Andrew Stanton,NULL
s7138,Ahishor Solomon,NULL
s7139,NULL,NULL
s7140,Bill Oliver,NULL
s7141,Toby Haynes,NULL
s7142,Amardeep Singh Gill,NULL
s7143,NULL,NULL
s7144,NULL,NULL
s7145,David Dhawan,NULL
s7146,John Schultz,NULL
s7147,Susannah Heath-Eves,NULL
s7148,Nora Ephron,NULL
s7149,NULL,NULL
s7150,Salim Akil,NULL
s7151,Phil Morrison,NULL
s7152,Lana Wachowski,Lilly Wachowski
s7153,Roger Kumble,NULL
s7154,Johnnie To,NULL
s7155,Jon M. Chu,NULL
s7156,NULL,NULL
s7157,Kathryn Bigelow,NULL
s7158,NULL,NULL
s7159,Sanjay Gupta,NULL
s7160,Kranti Redkar,NULL
s7161,Tinnu Anand,NULL
s7162,Jijo Pancode,NULL
s7163,Pa. Ranjith,NULL
s7164,Buta Singh,NULL
s7165,Roger Allers,Gaëtan Brizzi
s7166,Pooja Bhatt,NULL
s7167,Rupert Jones,NULL
s7168,Dhilip Kumar,NULL
s7169,NULL,NULL
s7170,Satish Kaushik,NULL
s7171,James Mangold,NULL
s7172,Sai Paranjape,NULL
s7173,Alphonso J. Wesson,NULL
s7174,Vineeth Anil,NULL
s7175,Chandrakant Kulkarni,NULL
s7176,Ken Burns,NULL
s7177,Ken Burns,NULL
s7178,NULL,NULL
s7179,Leslie Small,Tim Story
s7180,Leslie Small,Tim Story
s7181,Shannon Hartman,NULL
s7182,Lori Kaye,NULL
s7183,NULL,NULL
s7184,Subhash Ghai,NULL
s7185,NULL,NULL
s7186,NULL,NULL
s7187,Dibakar Banerjee,NULL
s7188,NULL,NULL
s7189,Hrishikesh Mukherjee,NULL
s7190,Surya S.J.,Sunil Kumar Agrawal
s7191,Sudipto Roy,NULL
s7192,Dimitri Logothetis,NULL
s7193,John Stockwell,NULL
s7194,Noah Baumbach,NULL
s7195,Paul Soriano,NULL
s7196,Daniel Alfredson,NULL
s7197,NULL,NULL
s7198,Quentin Tarantino,NULL
s7199,Quentin Tarantino,NULL
s7200,Steven Gomez,NULL
s7201,Frédéric Tonolli,NULL
s7202,Paul Tanter,NULL
s7203,Jonathan Hensleigh,NULL
s7204,Stephen Chiodo,NULL
s7205,Robert Luketic,NULL
s7206,Attila Till,NULL
s7207,Paul Katis,NULL
s7208,Felix Thompson,NULL
s7209,Jeffrey W. Byrd,NULL
s7210,Steve Greenwood,NULL
s7211,Peter Farrelly,Bobby Farrelly
s7212,Deniz Gamze Ergüven,NULL
s7213,Abbas Alibhai Burmawalla,Mastan Alibhai Burmawalla
s7214,Gary Fleder,NULL
s7215,NULL,NULL
s7216,NULL,NULL
s7217,Woo Ming Jin,NULL
s7218,NULL,NULL
s7219,Eli Roth,NULL
s7220,Frank Capra,Joris Ivens
s7221,Alex Proyas,NULL
s7222,Jonathan Taylor,NULL
s7223,NULL,NULL
s7224,Joachim Rønning,Espen Sandberg
s7225,Gulzar,NULL
s7226,Hans Petter Moland,NULL
s7227,NULL,NULL
s7228,Munjal Shroff,Tilak Shetty
s7229,Munjal Shroff,Tilak Shetty
s7230,Tilak Shetty,NULL
s7231,Tilak Shetty,NULL
s7232,Tilak Shetty,NULL
s7233,NULL,NULL
s7234,Munjal Shroff,Tilak Shetty
s7235,Trey Edward Shults,NULL
s7236,NULL,NULL
s7237,Oliver Blackburn,NULL
s7238,William H. Macy,NULL
s7239,Remy Kohli,NULL
s7240,Stephen Chow,NULL
s7241,Andrés Couturier,NULL
s7242,Tim Johnson,NULL
s7243,Stanley Tong,NULL
s7244,Suresh Pillai,NULL
s7245,Nick Broomfield,NULL
s7246,NULL,NULL
s7247,Yusuf Pirhasan,NULL
s7248,Kundan Shah,NULL
s7249,Devin Chanda,NULL
s7250,Samir Karnik,NULL
s7251,Leandro Mark,Nicolás Silbert
s7252,Daniel Lindsay,T.J. Martin
s7253,Luis Valdez,NULL
s7254,Giulio Base,NULL
s7255,NULL,NULL
s7256,NULL,NULL
s7257,NULL,NULL
s7258,NULL,NULL
s7259,Alejandro Lozano,NULL
s7260,Syed Ahmad Afzal,NULL
s7261,Sopon Sukdapisit,NULL
s7262,Chris Nahon,NULL
s7263,M. Night Shyamalan,NULL
s7264,NULL,NULL
s7265,NULL,NULL
s7266,Mahesh Manjrekar,NULL
s7267,NULL,NULL
s7268,R. Ellis Frazier,NULL
s7269,NULL,NULL
s7270,Jaki Bradley,NULL
s7271,Kazuaki Kiriya,NULL
s7272,Massy Tadjedin,NULL
s7273,Damien Piscarel,Florent Bodin
s7274,Emmanuel Amara,NULL
s7275,Anand Tucker,NULL
s7276,Roy Allen Smith,NULL
s7277,Ron Myrick,NULL
s7278,Ron Myrick,NULL
s7279,Ron Myrick,NULL
s7280,NULL,NULL
s7281,B.N. Shajeer Sha,NULL
s7282,Vic Armstrong,NULL
s7283,Zack Snyder,NULL
s7284,Yang Lei,NULL
s7285,Chia-Liang Liu,NULL
s7286,NULL,NULL
s7287,Scott Stewart,NULL
s7288,NULL,NULL
s7289,Andrew Tan,Stephen Murray
s7290,Anders Falck,Stinus Morell Vithner
s7291,NULL,NULL
s7292,NULL,NULL
s7293,Mario Cambi,NULL
s7294,Pascal Blanchard,Sonia Dauger
s7295,John Huston,NULL
s7296,Onur Ünlü,NULL
s7297,Jenna Laurenzo,NULL
s7298,NULL,NULL
s7299,Jeff Baena,NULL
s7300,Ron Davis,NULL
s7301,NULL,NULL
s7302,NULL,NULL
s7303,Justin McConnell,NULL
s7304,Johnnie To,NULL
s7305,Kevin Peeples,NULL
s7306,Alfonso Arau,NULL
s7307,Charles Stone III,NULL
s7308,NULL,NULL
s7309,Steven Spielberg,NULL
s7310,Karim El Sobky,NULL
s7311,Ellen Weissbrod,NULL
s7312,Hua Shan,NULL
s7313,NULL,NULL
s7314,Tim Bartley,NULL
s7315,Robyn Butler,NULL
s7316,Ira Sachs,NULL
s7317,Steve Brill,NULL
s7318,Prakash Satam,NULL
s7319,NULL,NULL
s7320,Prakash Satam,NULL
s7321,Zach Clark,NULL
s7322,NULL,NULL
s7323,Nick Gomez,NULL
s7324,Werner Herzog,NULL
s7325,NULL,NULL
s7326,NULL,NULL
s7327,Guy Ritchie,NULL
s7328,Steven Knight,NULL
s7329,James Mather,Steve Saint Leger
s7330,Fernando Sariñana,José Luis Gutiérrez
s7331,Michael Anderson,NULL
s7332,NULL,NULL
s7333,Stanley Kubrick,NULL
s7334,Jakob Verbruggen,NULL
s7335,Jennifer Baichwal,Nicholas de Pencier
s7336,Sze Yu Lau,NULL
s7337,David Wnendt,NULL
s7338,Parambrata Chatterjee,NULL
s7339,NULL,NULL
s7340,Ignacio López Escrivá,NULL
s7341,Alessandro Angulo,NULL
s7342,Sarah Moshman,NULL
s7343,NULL,NULL
s7344,NULL,NULL
s7345,Charneice Fox,NULL
s7346,Pang Ho-cheung,NULL
s7347,Saandeep Patel,NULL
s7348,Stephen Chow,NULL
s7349,NULL,NULL
s7350,NULL,NULL
s7351,Steven Fine,NULL
s7352,Ahmad Samir Farag,NULL
s7353,Sridhar Jetty,NULL
s7354,NULL,NULL
s7355,Christian Ditter,NULL
s7356,Alma Har'el,NULL
s7357,Katherine Brooks,NULL
s7358,Johnnie To,NULL
s7359,Ana Quiroga,NULL
s7360,NULL,NULL
s7361,Radhika Rao,Vinay Sapru
s7362,Prabhuraj,NULL
s7363,Ticoy Rodriguez,NULL
s7364,Jayan Vannery,NULL
s7365,Pratim D. Gupta,NULL
s7366,Dylan C. Brown,NULL
s7367,Debaloy Dey,NULL
s7368,George Miller,NULL
s7369,NULL,NULL
s7370,Callie Khouri,Jesse V. Johnson
s7371,Jim Monaco,NULL
s7372,Chun Wong,NULL
s7373,Nishikant Kamat,NULL
s7374,Ben Patterson,NULL
s7375,Aaron Burns,NULL
s7376,Iginio Straffi,NULL
s7377,NULL,NULL
s7378,Luc Vinciguerra,NULL
s7379,Thierry Donard,NULL
s7380,Benjamin Ree,NULL
s7381,Amaan Khan,NULL
s7382,NULL,NULL
s7383,NULL,NULL
s7384,NULL,NULL
s7385,Li Pei-Chuan,NULL
s7386,NULL,NULL
s7387,David Dhawan,NULL
s7388,Sooraj R. Barjatya,NULL
s7389,Sameer Vidwans,NULL
s7390,Michael Winnick,NULL
s7391,Keanu Reeves,NULL
s7392,Ben Palmer,NULL
s7393,NULL,NULL
s7394,Shyam Benegal,NULL
s7395,Tathagata Banerjee,NULL
s7396,David Gordon Green,NULL
s7397,John Upchurch,NULL
s7398,Tom O'Brien,NULL
s7399,Michael Roberts,NULL
s7400,Patricia Rozema,NULL
s7401,Rahat Kazmi,NULL
s7402,Nicholas Kharkongor,NULL
s7403,Clive Tonge,NULL
s7404,Steven C. Miller,NULL
s7405,NULL,NULL
s7406,Nathan Landeg,NULL
s7407,NULL,NULL
s7408,Pulkit,NULL
s7409,NULL,NULL
s7410,Everardo Gout,NULL
s7411,Chia-Liang Liu,NULL
s7412,David Raynr,NULL
s7413,David Batty,NULL
s7414,Deepika Narayan Bhardwaj,NULL
s7415,Eric Drath,NULL
s7416,Leo Riley,Eric Radomski
s7417,Hiromasa Yonebayashi,NULL
s7418,Rob Marshall,NULL
s7419,NULL,NULL
s7420,Shekhar Kapur,NULL
s7421,Ui-seok Jo,NULL
s7422,Pablo D'Alo Abba,NULL
s7423,Sudesh Manjrekar,Atul Kale
s7424,Daniel Noah,NULL
s7425,Philip Yung,NULL
s7426,Hassan Hegazy,Shady Ali
s7427,Bob Hercules,Rita Coburn Whack
s7428,Samuel D. Pollard,NULL
s7429,Sachin,NULL
s7430,Jesús Magaña Vázquez,NULL
s7431,Nathan Morlando,NULL
s7432,Martin Scorsese,NULL
s7433,Mina Shum,NULL
s7434,Jacek Koprowicz,NULL
s7435,Paul Berczeller,Mark Radice
s7436,NULL,NULL
s7437,NULL,NULL
s7438,Binu Ulahhannan,NULL
s7439,NULL,NULL
s7440,Bob Odenkirk,NULL
s7441,Shin-yeon Won,NULL
s7442,Janet Tobias,Claus Wehlisch
s7443,Barry Sonnenfeld,NULL
s7444,Barry Sonnenfeld,NULL
s7445,John Barnard,NULL
s7446,Gareth Evans,NULL
s7447,NULL,NULL
s7448,NULL,NULL
s7449,Toka McBaror,NULL
s7450,NULL,NULL
s7451,Santosh Manjrekar,NULL
s7452,Bharat Nalluri,NULL
s7453,Steve Carr,NULL
s7454,NULL,NULL
s7455,Jeff Nichols,NULL
s7456,NULL,NULL
s7457,Gus Van Sant,NULL
s7458,NULL,NULL
s7459,Anil Thomas,NULL
s7460,NULL,NULL
s7461,Gavin O'Connor,NULL
s7462,Tarsem Singh,NULL
s7463,Rakeysh Omprakash Mehra,NULL
s7464,NULL,NULL
s7465,Keiichi Hara,NULL
s7466,Liv Ullmann,NULL
s7467,Kenny Young,NULL
s7468,Jennifer Siebel Newsom,NULL
s7469,NULL,NULL
s7470,Barbara Kopple,NULL
s7471,Julia Hart,NULL
s7472,David Fairhead,NULL
s7473,David Blair,NULL
s7474,Osman Ali,NULL
s7475,Anna Boden,Ryan Fleck
s7476,Munish Bhardwaj,NULL
s7477,Ted Geoghegan,NULL
s7478,William Monahan,NULL
s7479,Kunle Afolayan,NULL
s7480,Aaron Sorkin,NULL
s7481,NULL,NULL
s7482,Mike Newell,NULL
s7483,Martin Rosete,NULL
s7484,NULL,NULL
s7485,Brett Ratner,NULL
s7486,NULL,NULL
s7487,Robert Vince,NULL
s7488,Ahmed El Gendy,NULL
s7489,Holger Tappe,NULL
s7490,Steve Sacks,NULL
s7491,William Lau,NULL
s7492,Steve Ball,Andrew Duncan
s7493,William Lau,Sylvain Blais
s7494,Dustin McKenzie,NULL
s7495,Victor Dal Chele,Alfred Gimeno
s7496,William Lau,NULL
s7497,Mike Fetterly,Steve Sacks
s7498,William Lau,NULL
s7499,Dan Fraga,William Lau
s7500,Audu Paden,Eric Radomski
s7501,Dustin McKenzie,Andrew Duncan
s7502,Dustin McKenzie,Steve Sacks
s7503,NULL,NULL
s7504,Robert Luketic,NULL
s7505,Rachel Bell,NULL
s7506,NULL,NULL
s7507,Duncan Jones,NULL
s7508,Barry Jenkins,NULL
s7509,Antoine Bardou-Jacquet,NULL
s7510,Jami,NULL
s7511,Chad Hartigan,NULL
s7512,Michael Mayer,NULL
s7513,Avadhoot Gupte,NULL
s7514,Suhas Kadav,NULL
s7515,Jennifer Peedom,NULL
s7516,Peter Farrelly,Will Graham
s7517,Bruce Beresford,NULL
s7518,Steve Brill,NULL
s7519,Tomer Heymann,NULL
s7520,Anthony Chan,NULL
s7521,Craig Gillespie,NULL
s7522,NULL,NULL
s7523,Wael Ihsan,NULL
s7524,Jeff Nichols,NULL
s7525,David Dhawan,NULL
s7526,Alexandre Heboyan,Benoît Philippon
s7527,James Bobin,NULL
s7528,Jeremy Saulnier,NULL
s7529,NULL,NULL
s7530,NULL,NULL
s7531,Lewis Milestone,Carol Reed
s7532,Bruce McDonald,NULL
s7533,Onir,NULL
s7534,Waymon Boone,NULL
s7535,Ismail Farouk,NULL
s7536,Dash Shaw,NULL
s7537,Nathaniel Warsh,NULL
s7538,Alessandro Pepe,NULL
s7539,NULL,NULL
s7540,Claude Barras,NULL
s7541,NULL,NULL
s7542,Ishi Rudell,Jayson Thiessen
s7543,Jayson Thiessen,Ishi Rudell
s7544,Wenn V. Deramas,NULL
s7545,Siu-hung Chung,Wong Jing
s7546,John Dower,NULL
s7547,Nick Cassavetes,NULL
s7548,NULL,NULL
s7549,Atsajun Sattakovit,NULL
s7550,Simon Curtis,NULL
s7551,Moataz El Tony,NULL
s7552,NULL,NULL
s7553,Sabu Varghese,NULL
s7554,Jared Hess,NULL
s7555,Krishna Agazzi,Filippo Gastaldi
s7556,Dennis Bartok,NULL
s7557,Ben Bowie,Geoff Luck
s7558,Prakash Mehra,NULL
s7559,Heidi Saman,NULL
s7560,Masahiko Murata,NULL
s7561,Natalia Valdebenito,NULL
s7562,Sonia Kennebeck,NULL
s7563,Gene Quintano,NULL
s7564,Greg MacGillivray,NULL
s7565,Jon Turteltaub,NULL
s7566,Mahesh Manjrekar,NULL
s7567,Roman Atwood,Ben Pluimer
s7568,Chad L. Scheifele,NULL
s7569,NULL,NULL
s7570,NULL,NULL
s7571,NULL,NULL
s7572,NULL,NULL
s7573,NULL,NULL
s7574,NULL,NULL
s7575,NULL,NULL
s7576,George Stevens,NULL
s7577,NULL,NULL
s7578,Pablo Larraín,NULL
s7579,Josh Webber,NULL
s7580,Dennie Gordon,NULL
s7581,Kim A. Snyder,NULL
s7582,Lee Tamahori,NULL
s7583,Arun Vaidyanathan,NULL
s7584,Jordana Spiro,NULL
s7585,Kelly Reichardt,NULL
s7586,Dan Gilroy,NULL
s7587,NULL,NULL
s7588,George C. Wolfe,NULL
s7589,NULL,NULL
s7590,NULL,NULL
s7591,Anees Bazmee,NULL
s7592,Nicolás López,NULL
s7593,Scott Hicks,NULL
s7594,NULL,NULL
s7595,Anthony Bell,NULL
s7596,Tim Maltby,NULL
s7597,Richard Finn,Tim Maltby
s7598,NULL,NULL
s7599,Kiki Goshay,Jacqueline Monetta
s7600,NULL,NULL
s7601,Rushmore DeNooyer,NULL
s7602,Martin Gorst,NULL
s7603,Giulia Clark,NULL
s7604,Sarah Holt,NULL
s7605,Terri Randall,NULL
s7606,Doug Hamilton,NULL
s7607,Martin Gorst,NULL
s7608,Peter Fison,NULL
s7609,Graham Townsley,NULL
s7610,Paula Apsell,Kirk Wolfinger
s7611,NULL,NULL
s7612,Oliver Twinch,NULL
s7613,Oliver Twinch,NULL
s7614,Llewellyn M. Smith,NULL
s7615,Daniel McCabe,NULL
s7616,Peter Yost,NULL
s7617,Tom Stubberfield,NULL
s7618,Noel Dockstader,Quinn Kanaly
s7619,Gail Willumsen,NULL
s7620,Sacha Gervasi,NULL
s7621,Lesli Linka Glatter,NULL
s7622,Peter Pardini,NULL
s7623,Sam Taylor-Johnson,NULL
s7624,NULL,NULL
s7625,NULL,NULL
s7626,Dana Doron,Uriel Sinai
s7627,Enrico Bisi,NULL
s7628,NULL,NULL
s7629,NULL,NULL
s7630,NULL,NULL
s7631,Lars von Trier,NULL
s7632,Lars von Trier,NULL
s7633,NULL,NULL
s7634,Mat Whitecross,NULL
s7635,Gillian Robespierre,NULL
s7636,Jacques Perrin,Jacques Cluzaud
s7637,Luke Sparke,NULL
s7638,Lewis Milestone,NULL
s7639,Steven Soderbergh,NULL
s7640,Steven Soderbergh,NULL
s7641,NULL,NULL
s7642,Nacho G. Velilla,NULL
s7643,Shawn Crahan,NULL
s7644,Poj Arnon,NULL
s7645,Poj Arnon,NULL
s7646,Poj Arnon,NULL
s7647,NULL,NULL
s7648,Barak Goodman,NULL
s7649,Oliver Stone,NULL
s7650,NULL,NULL
s7651,Mohamed Samy,NULL
s7652,Clarence Yiu-leung Fok,NULL
s7653,Heitor Dhalia,NULL
s7654,Pradip Kurbah,NULL
s7655,Matt Askem,NULL
s7656,Charlie Lightening,NULL
s7657,Charlie Lightening,NULL
s7658,Matt Askem,NULL
s7659,Simon Rumley,NULL
s7660,Sergio Leone,NULL
s7661,Banjong Pisanthanakun,NULL
s7662,Morgan Spurlock,NULL
s7663,NULL,NULL
s7664,Tim Rouhana,NULL
s7665,Noah Moskin,NULL
s7666,Jasmine D'Souza,NULL
s7667,NULL,NULL
s7668,Nicolas Winding Refn,NULL
s7669,Bill Guttentag,Michael Ware
s7670,Roger Allers,Jill Culton
s7671,John H. Lee,NULL
s7672,NULL,NULL
s7673,Dante Lam,NULL
s7674,Tiller Russell,NULL
s7675,NULL,NULL
s7676,NULL,NULL
s7677,Dante Lam,NULL
s7678,Logan Kibens,NULL
s7679,Chia Tang,NULL
s7680,Peter McDonnell,NULL
s7681,Kiran Narayanan,NULL
s7682,Ben C. Lucas,NULL
s7683,Jayaraj Rajasekharan Nair,NULL
s7684,Mark Franchetti,Andrew Meier
s7685,Anthony Scott Burns,NULL
s7686,NULL,NULL
s7687,Adam Collins,Luke Radford
s7688,Paul Spurrier,NULL
s7689,Kundan Shah,NULL
s7690,NULL,NULL
s7691,Richard LaGravenese,NULL
s7692,Chandran Narikode,NULL
s7693,Jorge Granier,NULL
s7694,NULL,NULL
s7695,Piti Jaturaphat,NULL
s7696,Charles Stone III,NULL
s7697,Amber Tamblyn,NULL
s7698,Alex Law,NULL
s7699,NULL,NULL
s7700,Cosima Spender,NULL
s7701,Fernando González Molina,NULL
s7702,David Fincher,NULL
s7703,Bhagyaraj,NULL
s7704,Rebecca Addelman,NULL
s7705,Oren Peli,NULL
s7706,NULL,NULL
s7707,Subhash Ghai,NULL
s7708,Gafoor Y. Elliyaas,NULL
s7709,Jennie Livingston,NULL
s7710,NULL,NULL
s7711,NULL,NULL
s7712,Kevin Hooks,NULL
s7713,Nikhil Advani,NULL
s7714,Jeremy Kenyon Lockyer Corbell,NULL
s7715,Phillip Noyce,NULL
s7716,Kivanç Baruönü,NULL
s7717,Steve Carr,NULL
s7718,Dileep Narayanan,NULL
s7719,NULL,NULL
s7720,Paritosh Painter,NULL
s7721,Banjong Pisanthanakun,NULL
s7722,NULL,NULL
s7723,Paul Reubens,Wayne Orr
s7724,Mohd Khairul Azri Bin Md Noor,NULL
s7725,Mark Palansky,NULL
s7726,NULL,NULL
s7727,J.C. Falcón,NULL
s7728,C.J. Wallis,NULL
s7729,James Foley,NULL
s7730,NULL,NULL
s7731,Olivier Assayas,NULL
s7732,Tony Stone,NULL
s7733,Will Gluck,NULL
s7734,Karan Lalit Butani,NULL
s7735,Jean-Loup Felicioli,Alain Gagnol
s7736,Jonathan Demme,NULL
s7737,Ajay Bhuyan,Kunal Kohli
s7738,Banjong Pisanthanakun,Paween Purikitpanya
s7739,Kunle Afolayan,NULL
s7740,Abhishek Saxena,NULL
s7741,Dana Nachman,Don Hardy Jr.
s7742,Christopher Nolen,NULL
s7743,Gajendra Ahire,NULL
s7744,Oscar Micheaux,Spencer Williams
s7745,Mahesh Manjrekar,NULL
s7746,Israel Adrián Caetano,Bruno Stagnaro
s7747,Christophe Honoré,NULL
s7748,NULL,NULL
s7749,Alastair Fothergill,NULL
s7750,Sam Liu,NULL
s7751,Rebecca Zlotowski,NULL
s7752,Oliver Stone,NULL
s7753,Daniel Mann,Joseph Sargent
s7754,Jean-Simon Chartier,NULL
s7755,Wim Wenders,NULL
s7756,Robert Altman,NULL
s7757,NULL,NULL
s7758,Gabe Klinger,NULL
s7759,Steve McLean,NULL
s7760,NULL,NULL
s7761,NULL,NULL
s7762,NULL,NULL
s7763,NULL,NULL
s7764,NULL,NULL
s7765,NULL,NULL
s7766,NULL,NULL
s7767,NULL,NULL
s7768,NULL,NULL
s7769,NULL,NULL
s7770,NULL,NULL
s7771,NULL,NULL
s7772,NULL,NULL
s7773,NULL,NULL
s7774,NULL,NULL
s7775,NULL,NULL
s7776,NULL,NULL
s7777,NULL,NULL
s7778,NULL,NULL
s7779,Charlie Haskell,Koichi Sakamoto
s7780,NULL,NULL
s7781,NULL,NULL
s7782,NULL,NULL
s7783,NULL,NULL
s7784,NULL,NULL
s7785,NULL,NULL
s7786,NULL,NULL
s7787,NULL,NULL
s7788,NULL,NULL
s7789,James Barr,NULL
s7790,Ashish R. Shukla,NULL
s7791,Frank Capra,NULL
s7792,Satish Rajwade,NULL
s7793,Chris Bell,Josh Alexander
s7794,Gregory Hoblit,NULL
s7795,Wong Jing,NULL
s7796,Bhavik Thakore,NULL
s7797,Stephen Cone,NULL
s7798,Christopher Nolen,NULL
s7799,NULL,NULL
s7800,Barry Avrich,NULL
s7801,NULL,NULL
s7802,Rajkumar Santoshi,NULL
s7803,Quentin Tarantino,NULL
s7804,Anurag Singh,NULL
s7805,Luis Prieto,NULL
s7806,Luv Ranjan,NULL
s7807,NULL,NULL
s7808,Michael Tolajian,NULL
s7809,NULL,NULL
s7810,Marc Forster,NULL
s7811,NULL,NULL
s7812,Werner Herzog,NULL
s7813,NULL,NULL
s7814,NULL,NULL
s7815,Richard Correll,NULL
s7816,NULL,NULL
s7817,Andy Fickman,NULL
s7818,Jonathan Demme,NULL
s7819,Raphael Erichsen,NULL
s7820,Hari Viswanath,NULL
s7821,Martin Scorsese,NULL
s7822,Manish Gupta,NULL
s7823,Jeremy Coon,Tim Skousen
s7824,Ding Sheng,NULL
s7825,Dharmesh Darshan,NULL
s7826,Basu Chatterjee,NULL
s7827,Phil Johnston,Rich Moore
s7828,Raj Kapoor,NULL
s7829,NULL,NULL
s7830,Eric Khoo,NULL
s7831,Sanjay Dayma,NULL
s7832,Kim Sung-hoon,NULL
s7833,Girish Joshi,NULL
s7834,Amir Mohiuddin,NULL
s7835,Morgan Spurlock,NULL
s7836,NULL,NULL
s7837,Husam El-Gohari,NULL
s7838,Anees Bazmee,NULL
s7839,NULL,NULL
s7840,Nicholas Ray,NULL
s7841,NULL,NULL
s7842,Michael James Regan,NULL
s7843,NULL,NULL
s7844,Craig Anderson,NULL
s7845,John Milius,NULL
s7846,Amitava Bhattacharya,NULL
s7847,Marina Willer,NULL
s7848,NULL,NULL
s7849,Clementine Malpas,Leslie Knott
s7850,Mohamed Samy,NULL
s7851,NULL,NULL
s7852,Andy Capper,NULL
s7853,Shamyl Othman,NULL
s7854,Atom Egoyan,NULL
s7855,Allen Coulter,NULL
s7856,Mark Palansky,NULL
s7857,NULL,NULL
s7858,Paul W.S. Anderson,NULL
s7859,René Pérez Joglar,NULL
s7860,Linda Saffire,Adam Schlesinger
s7861,Chia-Liang Liu,NULL
s7862,Vijay Jayapal,NULL
s7863,NULL,NULL
s7864,Andrew Lau Wai-Keung,Andrew Loo
s7865,Jani Lachauer,Jakob Schuh
s7866,Sam Mendes,NULL
s7867,Fernando Frías De La Parra,NULL
s7868,NULL,NULL
s7869,Jon Avnet,NULL
s7870,Makarand Mane,NULL
s7871,NULL,NULL
s7872,Devaki Singh,Luke Kenny
s7873,NULL,NULL
s7874,Ashok Nanda,NULL
s7875,Amit Rai,NULL
s7876,Ishaya Bako,NULL
s7877,Pierfrancesco Diliberto,NULL
s7878,Nicholas Winter,NULL
s7879,NULL,NULL
s7880,John G. Avildsen,NULL
s7881,Sylvester Stallone,NULL
s7882,Sylvester Stallone,NULL
s7883,Sylvester Stallone,NULL
s7884,John G. Avildsen,NULL
s7885,G.J. Echternkamp,NULL
s7886,Sameh Abdulaziz,NULL
s7887,Nancy Schwartzman,NULL
s7888,Mitch Dickman,NULL
s7889,Navaniat Singh,NULL
s7890,Lenny Abrahamson,NULL
s7891,Matthew Atkinson,NULL
s7892,Max Lang,Jani Lachauer
s7893,NULL,NULL
s7894,Shweta Basu Prasad,NULL
s7895,Roman Polanski,NULL
s7896,John Dahl,NULL
s7897,Jay Chandrasekhar,NULL
s7898,NULL,NULL
s7899,Atanu Mukherjee,NULL
s7900,R. Ellis Frazier,NULL
s7901,Stanley Tong,NULL
s7902,Rob Reiner,NULL
s7903,Jeeva,NULL
s7904,Garry Marshall,NULL
s7905,David L. Cunningham,NULL
s7906,Chris Stokes,NULL
s7907,NULL,NULL
s7908,Robert Vince,NULL
s7909,NULL,NULL
s7910,Dave Higby,NULL
s7911,Dharmendra Suresh Desai,NULL
s7912,Alex Infascelli,NULL
s7913,Clark Johnson,NULL
s7914,Raman Kumar,NULL
s7915,Gianfranco Rosi,NULL
s7916,Hakan Yonat,NULL
s7917,Michael Seater,NULL
s7918,Balu Mahendra,NULL
s7919,Ehtesham Uddin,NULL
s7920,Kireet Khurana,Padmakumar Narasimhamurthy
s7921,Colin Trevorrow,NULL
s7922,Pratim D. Gupta,NULL
s7923,Nagraj Manjule,NULL
s7924,Sanjay Soorkar,NULL
s7925,Mohamed Hamdy,NULL
s7926,Partha Chakraborty,NULL
s7927,K. Gopinathan,NULL
s7928,Amr Arafa,NULL
s7929,Bruce MacDonald,Gabriel Sabloff
s7930,Anirban Majumder,NULL
s7931,John Huston,NULL
s7932,Rajeev Patil,NULL
s7933,Raj Kapoor,NULL
s7934,Glenn Miller,NULL
s7935,Luc Vinciguerra,NULL
s7936,Gilles Paquet-Brenner,NULL
s7937,Rohit Jugraj,NULL
s7938,Rohit Jugraj,NULL
s7939,Gajendra Ahire,NULL
s7940,Venugopan,NULL
s7941,Kamal Sahani,NULL
s7942,V. Scott Balcerek,NULL
s7943,NULL,NULL
s7944,Aditya Sarpotdar,NULL
s7945,Raj N. Sippy,NULL
s7946,Damon Cardasis,NULL
s7947,Jesse V. Johnson,NULL
s7948,Mahmoud Karim,NULL
s7949,NULL,NULL
s7950,John Lee Hancock,NULL
s7951,Jeffrey G. Hunt,NULL
s7952,Lynn Shelton,NULL
s7953,Kevan Peterson,NULL
s7954,NULL,NULL
s7955,Dino Risi,NULL
s7956,Keenen Ivory Wayans,NULL
s7957,Malcolm D. Lee,NULL
s7958,Steven Spielberg,NULL
s7959,Spike Lee,NULL
s7960,Hiroshi Aoyama,Kazumi Fukushima
s7961,Edgar Wright,NULL
s7962,Wes Craven,NULL
s7963,Wes Craven,NULL
s7964,John Stockwell,NULL
s7965,Steven Zaillian,NULL
s7966,Malik Bendjelloul,NULL
s7967,Dominic Sena,NULL
s7968,Jay Chou,NULL
s7969,NULL,NULL
s7970,Billy Ray,NULL
s7971,Kasia Uscinska,NULL
s7972,Susannah Ward,NULL
s7973,Sam Taplin,NULL
s7974,Kasia Uscinska,NULL
s7975,Vicky Matthews,NULL
s7976,Susannah Ward,NULL
s7977,Sam Taplin,NULL
s7978,Vicky Matthews,NULL
s7979,Vicky Matthews,Gareth Sacala
s7980,Louise Wardle,NULL
s7981,Ozan Açiktan,NULL
s7982,Asif Kapadia,NULL
s7983,NULL,NULL
s7984,Kenneth Müller,NULL
s7985,NULL,NULL
s7986,Mike Gunther,NULL
s7987,Michael Patrick King,NULL
s7988,Michael Patrick King,NULL
s7989,Sylvie Verheyde,NULL
s7990,Antonio Serrano,NULL
s7991,Max Martini,NULL
s7992,NULL,NULL
s7993,Sudesh Manjrekar,NULL
s7994,NULL,NULL
s7995,Krishna Vamshi,NULL
s7996,Dibakar Banerjee,NULL
s7997,Gurudev Bhalla,NULL
s7998,Herman Yau,NULL
s7999,David R. Ellis,NULL
s8000,Samar Khan,NULL
s8001,NULL,NULL
s8002,Måns Mårlind,Björn Stein
s8003,NULL,NULL
s8004,Guy Ritchie,NULL
s8005,Ram Gopal Varma,NULL
s8006,Raymond McGrath,NULL
s8007,Adele K. Thomas,Richard Bailey
s8008,Richard Bailey,NULL
s8009,Jitendra Tiwari,Pranav Singh
s8010,Destin Daniel Cretton,NULL
s8011,Robert Rodriguez,NULL
s8012,Barney Clay,NULL
s8013,Adarsh Eshwarappa,NULL
s8014,Banjong Pisanthanakun,Parkpoom Wongpoom
s8015,Fabio Grassadonia,Antonio Piazza
s8016,NULL,NULL
s8017,Vivek Wagh,NULL
s8018,Timothy Woodward Jr.,NULL
s8019,M.J. Bassett,NULL
s8020,Jason Cohen,NULL
s8021,NULL,NULL
s8022,NULL,NULL
s8023,NULL,NULL
s8024,Anil Sharma,NULL
s8025,Raditya Dika,NULL
s8026,Robert Kouba,NULL
s8027,Dorian Fernández-Moris,NULL
s8028,Gregg Bishop,NULL
s8029,Corey Grant,NULL
s8030,Ekachai Uekrongtham,NULL
s8031,NULL,NULL
s8032,NULL,NULL
s8033,Renny Harlin,NULL
s8034,Ringo Lam,NULL
s8035,Fredric Lean,NULL
s8036,Colin Strause,Greg Strause
s8037,Leslye Headland,NULL
s8038,Joe Nussbaum,NULL
s8039,Billy Bob Thornton,NULL
s8040,Phillip Noyce,NULL
s8041,NULL,NULL
s8042,John Maclean,NULL
s8043,Joe Dante,NULL
s8044,Noam Murro,NULL
s8045,NULL,NULL
s8046,Alex Winter,NULL
s8047,Fred Olen Ray,NULL
s8048,Imtiaz Ali,NULL
s8049,Jonathan Ignatius Green,NULL
s8050,Hanung Bramantyo,NULL
s8051,Alfonso Cuarón,NULL
s8052,Ron Howard,NULL
s8053,Ron Howard,NULL
s8054,Michael J. Bassett,NULL
s8055,Ian MacAllister-McDonald,NULL
s8056,Nancy Meyers,NULL
s8057,Julius Avery,NULL
s8058,Jeffrey C. Bell,NULL
s8059,NULL,NULL
s8060,Sean McNamara,NULL
s8061,David Allensworth,Monière
s8062,Jerry Rothwell,Reuben Atlas
s8063,NULL,NULL
s8064,Sam O'Steen,NULL
s8065,NULL,NULL
s8066,Dan Harris,NULL
s8067,Mark Sloper,NULL
s8068,Sam Raimi,NULL
s8069,Peter Ramsey,Rodney Rothman
s8070,David Fairhead,Anthony Palmer
s8071,NULL,NULL
s8072,Tom McCarthy,NULL
s8073,Harmony Korine,NULL
s8074,Storm Saulter,NULL
s8075,Robert Rodriguez,NULL
s8076,Robert Rodriguez,NULL
s8077,Robert Rodriguez,NULL
s8078,Javier Ruiz Caldera,NULL
s8079,Darren Lynn Bousman,NULL
s8080,Christopher Ray,NULL
s8081,Adam Alleca,NULL
s8082,Alison E. Rose,NULL
s8083,Rian Johnson,NULL
s8084,NULL,NULL
s8085,David Mackenzie,NULL
s8086,NULL,NULL
s8087,Ola Flyum,David Hebditch
s8088,Adam McKay,NULL
s8089,Wael Ihsan,NULL
s8090,Akiva Goldsman,NULL
s8091,Arjun Gourisaria,Moinak Biswas
s8092,Chatchai Katenut,Manussa Vorasingha
s8093,Jon J. Whelan,NULL
s8094,NULL,NULL
s8095,NULL,NULL
s8096,Brad Anderson,NULL
s8097,Alex Holmes,NULL
s8098,NULL,NULL
s8099,Raj B. Shetty,NULL
s8100,James Sweeney,NULL
s8101,Rowan Athale,NULL
s8102,Marc Forster,NULL
s8103,NULL,NULL
s8104,Baz Luhrmann,NULL
s8105,Ester Gould,Reijer Zwaan
s8106,Ivan Reitman,NULL
s8107,Andrew Bergman,NULL
s8108,NULL,NULL
s8109,Afonso Poyart,NULL
s8110,NULL,NULL
s8111,Rob Minkoff,NULL
s8112,J.M. Berrios,NULL
s8113,Stefano Sollima,NULL
s8114,Chayanop Boonprakob,NULL
s8115,Zakariya,NULL
s8116,Benny Fredman,NULL
s8117,Saul Dibb,NULL
s8118,NULL,NULL
s8119,Joseph Cross,NULL
s8120,Kasper Barfoed,NULL
s8121,Partho Sen-Gupta,NULL
s8122,NULL,NULL
s8123,Sumit Das,NULL
s8124,Kevin Phillips,NULL
s8125,Indra Kumar,NULL
s8126,NULL,NULL
s8127,Greg Mottola,NULL
s8128,Gordon Parks,NULL
s8129,Bryan Singer,NULL
s8130,NULL,NULL
s8131,Bruce McCulloch,NULL
s8132,Angga Dwimas Sasongko,NULL
s8133,NULL,NULL
s8134,Matthew Cooke,NULL
s8135,Anthony Caronna,Alexander Smith
s8136,Matt Wechsler,NULL
s8137,Basu Chatterjee,NULL
s8138,NULL,NULL
s8139,Tim Burton,NULL
s8140,Jamie M. Dagg,NULL
s8141,Dan Kwan,Daniel Scheinert
s8142,Derek Yee,NULL
s8143,Cheh Chang,NULL
s8144,NULL,NULL
s8145,Subhash Ghai,NULL
s8146,Santosh Sivan,NULL
s8147,Michael Dowse,NULL
s8148,NULL,NULL
s8149,NULL,NULL
s8150,Navneet Behal,NULL
s8151,Julien Seri,NULL
s8152,Chris Buck,Kevin Lima
s8153,Brian Smith,NULL
s8154,Sameh Abdulaziz,NULL
s8155,Ryu Jung-woo,NULL
s8156,Sonia Lowman,NULL
s8157,Leena Yadav,NULL
s8158,John Carchietta,NULL
s8159,Kevin Munroe,NULL
s8160,Michael Pressman,NULL
s8161,Steve Barron,NULL
s8162,Farah Khan,NULL
s8163,Einar Gabbassov,NULL
s8164,Natalia Garagiola,NULL
s8165,Jevons Au,Zune Kwok
s8166,NULL,NULL
s8167,Jonathan Mostow,NULL
s8168,McG,NULL
s8169,Yann Arthus-Bertrand,Michael Pitiot
s8170,Damien Leone,NULL
s8171,Sukhbir Singh,NULL
s8172,Priyadarshan,NULL
s8173,Dheeraj Berry,NULL
s8174,NULL,NULL
s8175,NULL,NULL
s8176,NULL,NULL
s8177,Nate Adams,Adam Carolla
s8178,Mitzi Vanessa Arreola,Amir Galvan Cervera
s8179,Matthew Shoychet,NULL
s8180,Pamela Romanowsky,NULL
s8181,NULL,NULL
s8182,Geoff Anderson,NULL
s8183,NULL,NULL
s8184,Robert Rodriguez,NULL
s8185,Steven Spielberg,NULL
s8186,Esteban Sapir,NULL
s8187,Jee-woon Kim,NULL
s8188,Rob Reiner,NULL
s8189,Andrew Douglas,NULL
s8190,NULL,NULL
s8191,Thurop Van Orman,John Rice
s8192,Denis Hennelly,Casey Suchan
s8193,Sameh Abdulaziz,NULL
s8194,NULL,NULL
s8195,Federico Veiroj,NULL
s8196,Jonathan Sobol,NULL
s8197,Christian Duguay,NULL
s8198,Walter Hill,NULL
s8199,André Øvredal,NULL
s8200,NULL,NULL
s8201,Kurt Voelker,NULL
s8202,Elliot Hegarty,NULL
s8203,Keith Fulton,Louis Pepe
s8204,Johnnie To,NULL
s8205,Brian M. Conley,Nathan Ives
s8206,John Ford,NULL
s8207,NULL,NULL
s8208,Estela Renner,NULL
s8209,NULL,NULL
s8210,NULL,NULL
s8211,Tommy Avallone,NULL
s8212,Rolfe Kanefsky,NULL
s8213,Osgood Perkins,NULL
s8214,Philippe Falardeau,NULL
s8215,Alastair Fothergill,NULL
s8216,Kevin Ford,Smriti Keshari
s8217,NULL,NULL
s8218,Albert Hughes,Allen Hughes
s8219,Olivier Loustau,NULL
s8220,Andy Tennant,NULL
s8221,Richard Kelly,NULL
s8222,William Brent Bell,NULL
s8223,Mark Herman,NULL
s8224,Neil Jordan,NULL
s8225,Ken Kushner,NULL
s8226,Nora Twomey,NULL
s8227,Peyton Reed,NULL
s8228,Kunle Afolayan,NULL
s8229,Terry Gilliam,NULL
s8230,Rob Reiner,NULL
s8231,Husam El-Gohari,NULL
s8232,NULL,NULL
s8233,Stacy Title,NULL
s8234,Graham Phillips,Parker Phillips
s8235,Ofir Raul Graizer,NULL
s8236,Bumpy,NULL
s8237,Atom Egoyan,NULL
s8238,Elliot Silverstein,NULL
s8239,Sean Menard,NULL
s8240,Jon Gunn,NULL
s8241,Tarek Al Eryan,NULL
s8242,Kunle Afolayan,NULL
s8243,Craig Moss,NULL
s8244,NULL,NULL
s8245,Magdy Al-Hawwary,NULL
s8246,Antonio Chavarrías,NULL
s8247,David Pablos,NULL
s8248,John Stephenson,NULL
s8249,Michael Buster,NULL
s8250,Norman Jewison,NULL
s8251,NULL,NULL
s8252,John Wells,NULL
s8253,Harvey Lowry,NULL
s8254,Bob Nelson,NULL
s8255,Ari Folman,NULL
s8256,Amr Arafa,NULL
s8257,Andrew Fleming,NULL
s8258,NULL,NULL
s8259,Kirk De Micco,Chris Sanders
s8260,Alex Proyas,NULL
s8261,Marek Piwowski,NULL
s8262,Neil Jordan,NULL
s8263,NULL,NULL
s8264,Jarrad Paul,Andrew Mogel
s8265,Satish Manwar,NULL
s8266,Ifa Isfansyah,NULL
s8267,Frank Oz,Jim Henson
s8268,Tariq Khan,NULL
s8269,NULL,NULL
s8270,Simon Stone,NULL
s8271,Peter Mortimer,Josh Lowell
s8272,NULL,NULL
s8273,Martin Scorsese,NULL
s8274,Cecilia Atán,Valeria Pivato
s8275,Blair Hayes,NULL
s8276,William Friedkin,NULL
s8277,William Brent Bell,NULL
s8278,NULL,NULL
s8279,Stephanie Soechtig,Jeremy Seifert
s8280,Alistair Legrand,NULL
s8281,Riri Riza,NULL
s8282,Bette Gordon,NULL
s8283,NULL,NULL
s8284,Kieran Darcy-Smith,NULL
s8285,Jay Chandrasekhar,NULL
s8286,Robert Berlinger,NULL
s8287,Paul Andrew Williams,NULL
s8288,NULL,NULL
s8289,James Ponsoldt,NULL
s8290,Justin Benson,Aaron Moorhead
s8291,Sam Raimi,NULL
s8292,David Leveaux,NULL
s8293,Nicolas Pesce,NULL
s8294,Michael Samuels,NULL
s8295,David Sington,NULL
s8296,Jenée LaMarque,NULL
s8297,David O. Russell,NULL
s8298,Kunle Afolayan,NULL
s8299,David R. Ellis,NULL
s8300,Coerte Voorhees,John Voorhees
s8301,Rodrigo Van Der Put,NULL
s8302,Hugh WIlson,NULL
s8303,Mark Tonderai,NULL
s8304,Cheh Chang,NULL
s8305,Brian Levant,NULL
s8306,Brian Levant,NULL
s8307,Meng Hua Ho,NULL
s8308,Rob Minkoff,NULL
s8309,Peter Nicks,NULL
s8310,Martin Campbell,NULL
s8311,Oliver Frampton,NULL
s8312,NULL,NULL
s8313,John Lee Hancock,NULL
s8314,Toa Fraser,NULL
s8315,Scott Walker,NULL
s8316,NULL,NULL
s8317,NULL,NULL
s8318,Nia Dinata,NULL
s8319,Mario Mattei,NULL
s8320,Cody Stokes,NULL
s8321,David Fincher,NULL
s8322,NULL,NULL
s8323,Doron Paz,Yoav Paz
s8324,Paul Shoulberg,NULL
s8325,Kasra Farahani,NULL
s8326,Neal Brennan,NULL
s8327,David Batty,NULL
s8328,David Batty,NULL
s8329,David Batty,NULL
s8330,David Batty,NULL
s8331,NULL,NULL
s8332,NULL,NULL
s8333,Shakti Samanta,NULL
s8334,John Dahl,NULL
s8335,NULL,NULL
s8336,Michel Gondry,NULL
s8337,NULL,NULL
s8338,Michael G. Kehoe,NULL
s8339,Mickey Liddell,NULL
s8340,Paco Arango,NULL
s8341,Maya Gallus,NULL
s8342,Tate Taylor,NULL
s8343,Chad Archibald,NULL
s8344,Zoe Berriatúa,NULL
s8345,Mark Columbus,Lauren Hoekstra
s8346,Gonzalo López-Gallego,NULL
s8347,Note Chern-Yim,NULL
s8348,NULL,NULL
s8349,Damani Baker,NULL
s8350,NULL,NULL
s8351,Rudradeep Bhattacharjee,NULL
s8352,Rob W. King,NULL
s8353,Lasse Hallström,NULL
s8354,NULL,NULL
s8355,Rob Cohen,NULL
s8356,Vlad Yudin,NULL
s8357,Terry Gilliam,NULL
s8358,NULL,NULL
s8359,Isaac Ezban,NULL
s8360,Philip Einstein Lipski,Jørgen Lerdam
s8361,Brad Bird,NULL
s8362,Frank Oz,NULL
s8363,Steven Soderbergh,NULL
s8364,Femi Oyeniran,Kalvadour Peterson
s8365,Femi Oyeniran,Nicky Slimting Walker
s8366,Ricky Gervais,Matthew Robinson
s8367,NULL,NULL
s8368,Karyn Kusama,NULL
s8369,NULL,NULL
s8370,Phyllida Lloyd,NULL
s8371,Benjamin Cohen,Nicolas Cotto
s8372,NULL,NULL
s8373,Robin Swicord,NULL
s8374,NULL,NULL
s8375,Riri Riza,NULL
s8376,Karen Moncrieff,NULL
s8377,NULL,NULL
s8378,Tom Hooper,NULL
s8379,NULL,NULL
s8380,NULL,NULL
s8381,Alejandro Agresti,NULL
s8382,Timothy Reckart,NULL
s8383,Pieter-Jan De Pue,NULL
s8384,Gillian Armstrong,NULL
s8385,Daniel Stamm,NULL
s8386,Sean Penn,NULL
s8387,Rodrigo Van Der Put,NULL
s8388,Mark Craig,NULL
s8389,Dennis Scholl,Kareem Tabsch
s8390,Rob Smat,NULL
s8391,Peter Spirer,NULL
s8392,Manish Jha,NULL
s8393,NULL,NULL
s8394,Jeff Baena,NULL
s8395,Blake Harris,Chris Bouchard
s8396,Mark Osborne,NULL
s8397,Florian Henckel von Donnersmarck,NULL
s8398,NULL,NULL
s8399,Yorgos Lanthimos,NULL
s8400,Brian O'Malley,NULL
s8401,Jay Lyons,NULL
s8402,Robert Aldrich,NULL
s8403,Fred Durst,NULL
s8404,Joshua Oppenheimer,NULL
s8405,Peter Jackson,NULL
s8406,Peter Jackson,NULL
s8407,Marco Schnabel,NULL
s8408,Robert Cannan,Ross Adam
s8409,Stanislaw Rózewicz,NULL
s8410,Johnny To,NULL
s8411,Robert Tate,NULL
s8412,NULL,NULL
s8413,John Mikulak,Joshua Brown
s8414,Martin Campbell,NULL
s8415,Lilly Wachowski,Lana Wachowski
s8416,Lilly Wachowski,Lana Wachowski
s8417,Lilly Wachowski,Lana Wachowski
s8418,Ken Burns,Christopher Loren Ewers
s8419,Park In-je,NULL
s8420,William Wyler,NULL
s8421,Grant Heslov,NULL
s8422,NULL,NULL
s8423,NULL,NULL
s8424,NULL,NULL
s8425,NULL,NULL
s8426,Mads Matthiesen,NULL
s8427,Bryan Bertino,NULL
s8428,John Banas,NULL
s8429,NULL,NULL
s8430,NULL,NULL
s8431,James Bobin,NULL
s8432,NULL,NULL
s8433,Michael Radford,NULL
s8434,David Zucker,NULL
s8435,David Zucker,NULL
s8436,Barry Levinson,NULL
s8437,Stuart Heisler,NULL
s8438,NULL,NULL
s8439,Carly Stone,NULL
s8440,NULL,NULL
s8441,Stefan Aust,Dirk Laabs
s8442,Lasse Hallström,Joe Johnston
s8443,NULL,NULL
s8444,Charlie McDowell,NULL
s8445,Wenn V. Deramas,NULL
s8446,Adam McKay,NULL
s8447,John Duigan,NULL
s8448,Ben A. Williams,NULL
s8449,Mimi Leder,NULL
s8450,Alan J. Pakula,NULL
s8451,Jean-Pierre Devillers,NULL
s8452,Stephen Chbosky,NULL
s8453,Joel Schumacher,NULL
s8454,Philipp Stölzl,NULL
s8455,Shawn Levy,NULL
s8456,Peggy Holmes,NULL
s8457,Bryan Buckley,NULL
s8458,Peter Lord,Jeff Newitt
s8459,Derek Cianfrance,NULL
s8460,Keerthi,NULL
s8461,Ahmad El-Badri,NULL
s8462,Robert Zemeckis,NULL
s8463,Randall Lobb,Robert McCallum
s8464,Chan-sang Lim,NULL
s8465,Brian A. Miller,NULL
s8466,Martha Coolidge,NULL
s8467,Ron Clements,John Musker
s8468,Na Hyeon,NULL
s8469,John Papola,NULL
s8470,Gabriele Muccino,NULL
s8471,Grant Korgan,Brian Niles
s8472,NULL,NULL
s8473,Riri Riza,NULL
s8474,Francis Ford Coppola,NULL
s8475,NULL,NULL
s8476,Miriam Chandy Menacherry,NULL
s8477,NULL,NULL
s8478,Kevin Derek,NULL
s8479,Shaina Allen,NULL
s8480,Heber Cannon,Mariah Moore
s8481,Alison MacLean,NULL
s8482,Ahmed Al-Badry,NULL
s8483,NULL,NULL
s8484,Steve Barker,NULL
s8485,Dejan Zecevic,NULL
s8486,Hadi El Bagoury,NULL
s8487,Gore Verbinski,NULL
s8488,Lone Scherfig,NULL
s8489,N.D. Wilson,NULL
s8490,Curtis Hanson,NULL
s8491,NULL,NULL
s8492,Paul Dugdale,NULL
s8493,Christian E. Christiansen,NULL
s8494,David Michôd,NULL
s8495,Bruce Robinson,NULL
s8496,Austin Stark,NULL
s8497,Kristian Levring,NULL
s8498,Wayne Blair,NULL
s8499,Frank Oz,NULL
s8500,Gus Van Sant,NULL
s8501,Stephen Amezdroz,NULL
s8502,Chris Renaud,NULL
s8503,Tiller Russell,NULL
s8504,NULL,NULL
s8505,Abhishek Sharma,NULL
s8506,Giancarlo Esposito,NULL
s8507,Dino Risi,NULL
s8508,William Eubank,Will Eubank
s8509,Isaac Ezban,NULL
s8510,Sunil Soraya,NULL
s8511,NULL,NULL
s8512,David Fincher,NULL
s8513,Peter Chelsom,NULL
s8514,James Ponsoldt,NULL
s8515,Krzysztof Zanussi,NULL
s8516,Brian Levant,NULL
s8517,Thomas Meadmore,NULL
s8518,Kyle Patrick Alvarez,NULL
s8519,NULL,NULL
s8520,NULL,NULL
s8521,Steven R. Monroe,NULL
s8522,Cosmo Feilding-Mellen,NULL
s8523,Stephan Rick,NULL
s8524,NULL,NULL
s8525,Will Lockhart,Cole D. Pruitt
s8526,Tony Scott,NULL
s8527,Anthony Minghella,NULL
s8528,Tobe Hooper,NULL
s8529,Mohammed El-Tahawy,Mohamed Mostafa
s8530,Lena Khan,NULL
s8531,Leanne Gater,NULL
s8532,Simon Wells,NULL
s8533,Robert Schwentke,NULL
s8534,NULL,NULL
s8535,Brendan Malloy,Emmett Malloy
s8536,David Koepp,NULL
s8537,Michael Winterbottom,NULL
s8538,Ben Brewer,Alex Brewer
s8539,David Briggs,NULL
s8540,NULL,NULL
s8541,Kevin Donovan,NULL
s8542,NULL,NULL
s8543,Robert Luketic,NULL
s8544,Poj Arnon,NULL
s8545,NULL,NULL
s8546,NULL,NULL
s8547,Jean-Pierre Dardenne,Luc Dardenne
s8548,Errol Morris,NULL
s8549,Mark Neveldine,NULL
s8550,Ken Burns,Lynn Novick
s8551,Ossama Abu El Atta,Tarek Al Eryan
s8552,NULL,NULL
s8553,Russell Crowe,NULL
s8554,Jay Russell,NULL
s8555,Frank Coraci,NULL
s8556,Chito S. Roño,NULL
s8557,Niyi Akinmolayan,NULL
s8558,NULL,NULL
s8559,Robert Eggers,NULL
s8560,Kyle Rankin,NULL
s8561,NULL,NULL
s8562,Neil Rawles,NULL
s8563,Emil Ben-Shimon,NULL
s8564,Laurent Cantet,NULL
s8565,Michael Apted,NULL
s8566,Victoria Bromley,NULL
s8567,George Mendeluk,NULL
s8568,NULL,NULL
s8569,Peter Foott,NULL
s8570,Sze Yu Lau,NULL
s8571,Peter Svatek,NULL
s8572,Saheed Arafath,NULL
s8573,Charlotte Zwerin,NULL
s8574,David Shisgall,NULL
s8575,NULL,NULL
s8576,NULL,NULL
s8577,Derek Hui,NULL
s8578,Wim Bonte,NULL
s8579,Raam Reddy,NULL
s8580,Bin Bunluerit,NULL
s8581,Taika Waititi,NULL
s8582,Sam Liu,NULL
s8583,Benjamin Ross,NULL
s8584,Stephen Hopkins,NULL
s8585,Johnnie To,NULL
s8586,Mohamed Hamdy,NULL
s8587,Jordan Ross,NULL
s8588,William Wyler,John Sturges
s8589,NULL,NULL
s8590,Li Jun,NULL
s8591,Aditya Kripalani,NULL
s8592,Sameer Vidwans,NULL
s8593,NULL,NULL
s8594,NULL,NULL
s8595,Steve Loter,NULL
s8596,Sonny Marler,NULL
s8597,NULL,NULL
s8598,Edward Ellis,Flor Salcedo
s8599,Beeban Kidron,NULL
s8600,Michael Cumming,NULL
s8601,NULL,NULL
s8602,Kyoko Miyake,NULL
s8603,Phil Roman,NULL
s8604,Roger Spottiswoode,NULL
s8605,NULL,NULL
s8606,NULL,NULL
s8607,Buddhadev Dasgupta,NULL
s8608,Maria Ripoll,NULL
s8609,Warren P. Sonoda,NULL
s8610,NULL,NULL
s8611,Daniel Benmayor,NULL
s8612,Madhur Bhandarkar,NULL
s8613,Sukum Maetawanitch,NULL
s8614,Sang-ho Yeon,NULL
s8615,Danny Boyle,NULL
s8616,Jeffrey Nachmanoff,NULL
s8617,Wally Pfister,NULL
s8618,Stephen Daldry,NULL
s8619,Richard Bates Jr.,NULL
s8620,Sam Hobkinson,NULL
s8621,Jon Reiner,Brad Rothschild
s8622,Ron Underwood,NULL
s8623,S.S. Wilson,NULL
s8624,Brent Maddock,NULL
s8625,S.S. Wilson,NULL
s8626,Don Michael Paul,NULL
s8627,Don Michael Paul,NULL
s8628,Adam Smith,NULL
s8629,Shyam Benegal,NULL
s8630,Mukul Anand,NULL
s8631,Jitender Pawar,NULL
s8632,Nicholas Zeig-Owens,NULL
s8633,Shaul Schwarz,Christina Clusiau
s8634,NULL,NULL
s8635,Tekin Girgin,NULL
s8636,Henry Hathaway,NULL
s8637,Preston A. Whitmore II,NULL
s8638,Jay Roach,NULL
s8639,Eli Craig,NULL
s8640,Chandrakant Kulkarni,NULL
s8641,Frank Capra,John Huston
s8642,David Soren,NULL
s8643,Kevin Smith,NULL
s8644,Hidetaka Inazuka,NULL
s8645,NULL,NULL
s8646,Buz Wallick,NULL
s8647,NULL,NULL
s8648,NULL,NULL
s8649,Gary Young,NULL
s8650,Kim Nguyen,NULL
s8651,Susan Lambert,Stefan Moore
s8652,James Toback,NULL
s8653,Anurag Kashyap,NULL
s8654,NULL,NULL
s8655,Benedict Andrews,NULL
s8656,Paul Feig,NULL
s8657,Michael Mazzola,NULL
s8658,Chris Burkard,NULL
s8659,Jonathan Glazer,NULL
s8660,Erik Canuel,NULL
s8661,John Ford,NULL
s8662,Paul Andrew Williams,NULL
s8663,Sanjay Patel,NULL
s8664,Sherif Mandour,NULL
s8665,Jason Reitman,NULL
s8666,Pradeep Verma,NULL
s8667,Mohamed Hamdy,NULL
s8668,Mario Van Peebles,NULL
s8669,James McTeigue,NULL
s8670,NULL,NULL
s8671,Pete Travis,NULL
s8672,Ram Gopal Varma,NULL
s8673,Ashu Trikha,NULL
s8674,Amanda Micheli,NULL
s8675,Gurinder Chadha,NULL
s8676,Brandon Dickerson,NULL
s8677,David L.G. Hughes,NULL
s8678,Harvey Lilley,NULL
s8679,Gary Michael Schultz,NULL
s8680,NULL,NULL
s8681,P.T. Kunju Muhammad,NULL
s8682,Ganesh Kadam,NULL
s8683,Yilmaz Erdogan,NULL
s8684,Kushal Srivastava,NULL
s8685,NULL,NULL
s8686,Ed Lilly,NULL
s8687,Bilal Lashari,NULL
s8688,Param Gill,NULL
s8689,Anu Menon,NULL
s8690,Rob McKittrick,NULL
s8691,NULL,NULL
s8692,Robin Swicord,NULL
s8693,Marc Francis,Max Pugh
s8694,Alex Smith,Andrew J. Smith
s8695,Philip G. Atwell,NULL
s8696,Faraz Haider,NULL
s8697,Steven Spielberg,NULL
s8698,John Michael McDonagh,NULL
s8699,Hadi El Bagoury,NULL
s8700,Jack Zagha Kababie,NULL
s8701,NULL,NULL
s8702,Marina Zenovich,NULL
s8703,Tiffanie Hsu,NULL
s8704,Max Joseph,NULL
s8705,Chris Stokes,NULL
s8706,David Serrano,NULL
s8707,Jeremiah Zagar,NULL
s8708,Greg MacGillivray,NULL
s8709,Alejandro Agresti,NULL
s8710,Antoni Krauze,NULL
s8711,NULL,NULL
s8712,Chi Fat Chan,NULL
s8713,NULL,NULL
s8714,Ashish R. Mohan,NULL
s8715,Stephen Donnelly,Olly Reid
s8716,Abel Ferrara,NULL
s8717,Trevor Ryan,NULL
s8718,Stanislaw Rózewicz,NULL
s8719,Michael Fahey,NULL
s8720,Huang Lei,NULL
s8721,NULL,NULL
s8722,NULL,NULL
s8723,Robert Zemeckis,NULL
s8724,Rebecca Harrison,NULL
s8725,Josh Mendoza,NULL
s8726,Rudy Soedjarwo,Riri Riza
s8727,NULL,NULL
s8728,Ritu Sarin,Tenzing Sonam
s8729,Heidi Brandenburg,Mathew Orzel
s8730,Marek Kanievska,NULL
s8731,Scott Zabielski,NULL
s8732,Noah Baumbach,NULL
s8733,Paul Raschid,NULL
s8734,Benjamin Turner,NULL
s8735,Drew Stone,NULL
s8736,Martin Scorsese,NULL
s8737,NULL,NULL
s8738,Milla Harrison-Hansley,Alicky Sussman
s8739,Dhruv Dhawan,NULL
s8740,Frank Capra,Anatole Litvak
s8741,NULL,NULL
s8742,NULL,NULL
s8743,Barry Sonnenfeld,NULL
s8744,Paul Dano,NULL
s8745,Morgan Matthews,NULL
s8746,Mel Stuart,NULL
s8747,Pascale Lamche,NULL
s8748,NULL,NULL
s8749,John Duigan,NULL
s8750,NULL,NULL
s8751,Debra Granik,NULL
s8752,Zach Braff,NULL
s8753,Theo Davies,NULL
s8754,Adrian Murray,NULL
s8755,Bart Freundlich,NULL
s8756,NULL,NULL
s8757,Barak Goodman,NULL
s8758,Oliver Stone,NULL
s8759,NULL,NULL
s8760,Storm Theunissen,NULL
s8761,David Guy Levy,NULL
s8762,Yasir Nawaz,NULL
s8763,Mikhil Musale,NULL
s8764,John Huston,NULL
s8765,Lawrence Kasdan,NULL
s8766,Jovanka Vuckovic,Annie Clark
s8767,Rob Cohen,NULL
s8768,Lee Tamahori,NULL
s8769,Alfonso Cuarón,NULL
s8770,N. Chandra,NULL
s8771,Subhash Ghai,NULL
s8772,Ksshitij Chaudhary,NULL
s8773,Sangeeth Sivan,NULL
s8774,Kedar Shinde,NULL
s8775,Abu Bakr Shawky,NULL
s8776,NULL,NULL
s8777,Christian De Vita,NULL
s8778,Saratswadee Wongsomphet,NULL
s8779,Saratswadee Wongsomphet,NULL
s8780,Kirati Nakintanon,NULL
s8781,NULL,NULL
s8782,Mark Risley,NULL
s8783,Kevin Smith,NULL
s8784,NULL,NULL
s8785,NULL,NULL
s8786,NULL,NULL
s8787,James Brown,NULL
s8788,Kenny Young,NULL
s8789,Ivona Juka,NULL
s8790,Cathy Garcia-Molina,NULL
s8791,Dennis Dugan,NULL
s8792,Jason Reitman,NULL
s8793,Mu Chu,NULL
s8794,Raja Gosnell,NULL
s8795,Mohamed Diab,NULL
s8796,NULL,NULL
s8797,NULL,NULL
s8798,NULL,NULL
s8799,Chandra Prakash Dwivedi,NULL
s8800,Avadhoot Gupte,NULL
s8801,NULL,NULL
s8802,Majid Al Ansari,NULL
s8803,David Fincher,NULL
s8804,NULL,NULL
s8805,Ruben Fleischer,NULL
s8806,Peter Hewitt,NULL
s8807,Mozez Singh,NULL
NULL,NULL,NULL
NULL,NULL,NULL
NULL,NULL,NULL
